x1,x2,x3,x4,x5,x6,y
-0.5025850416610711,-0.7243764490244996,-0.7208247249209038,-0.5865864706741416,0.31424613659533684,1.0,2.0213584791781685
0.8623841669080659,-0.7397117570780399,0.14255281091906274,-0.19282086577877244,-1.0,-0.5971687612195338,5.747235509223806
-0.3765899551893557,-0.9141813099155748,-1.0,-0.5568378200749701,1.0,-0.7413660144182577,-0.1236542173606674
1.0,-0.10957691490535204,0.36841905779053774,0.2500222235609022,1.0,-0.7901869526680241,-0.9008769544534765
-0.6621932509744572,-0.8115704009333432,0.3253958668734933,-0.7440089725780628,1.0,0.8100470425271131,1.855375661213966
0.09017544404549338,0.1000262736029347,0.7162621529934261,1.0,-0.6999746760149973,0.23779874311748778,-0.36861763684300053
-0.7074195413077191,0.3025686588315668,-0.16074606658163404,-0.6818102639517998,0.5041747224341451,0.10747439819871829,1.6654281489258915
-0.2338068477125892,1.0,-1.0,-1.0,-0.9820827424972399,0.5908078556983762,7.858157459735109
-0.4932909988526173,-1.0,-1.0,-1.0,-0.4560079623419153,-0.03138952632679398,-3.6542509109920784
-0.203230670167639,-0.40200755268162036,0.7354286165258753,0.06487214087017708,1.0,1.0,1.393238975637852
-0.9774710657594554,0.026293150824924297,-1.0,0.1715565476387494,-1.0,1.0,4.416041002554734
-1.0,-1.0,-0.36903640888422995,-0.24197499557328572,1.0,1.0,3.9977716182186587
0.01666478353796319,0.5544803138173312,-0.26161308535050143,0.4391386476506368,-0.2304485148462141,-1.0,1.626588653099458
-1.0,-1.0,-0.09822578459623732,-1.0,-1.0,-0.42619714000311215,3.755252908396575
0.4943600456416911,0.3540874165822272,-0.7194317445158881,-0.6533136503158808,-0.9093618717501181,-0.251811019932583,1.2939038015673265
-0.26147316737852866,-1.0,-0.11268608548746051,0.22117186469165362,-0.25896791214756953,-1.0,2.8724246502725115
0.1101103358741522,0.023752152863330767,-0.07026088547190035,0.054877415856291856,-1.0,-0.38759234749989213,0.2761040954102733
0.9567111666231485,-0.29045071524513877,-0.7391327240211076,-0.625345656283335,1.0,1.0,-1.422030793750718
-1.0,-1.0,-0.6837940095417554,0.46741360862884784,-0.05139802705629337,0.8992140677983405,-0.0165511174845151
-0.7298703149214388,-0.08416274651106592,0.06693294920346893,-0.263312610668619,0.9164083172081676,0.5806584861507472,2.6003343227750837
-0.5104558505723793,-0.9153990189357298,-0.6662196260823369,-0.24574401833979775,-0.04266506799067668,-0.25456821220851067,-1.6425608399199878
-1.0,-0.6701633530999868,-1.0,-0.9379185887978332,-1.0,-1.0,3.662938668467082
1.0,1.0,1.0,0.400936796832278,1.0,0.14896207098200298,-5.750346671545533
-1.0,-0.2897364345240041,-0.24255516692223567,-1.0,-0.3386416589442681,0.23848962723822686,-0.9988705050781916
0.09014247208630133,-1.0,-0.8219932732939582,0.056628913490159305,-1.0,1.0,4.130497241347336
-0.999848055290451,-1.0,-0.06091767167112416,-0.7081523571264345,-0.0010392137182791972,0.6768179364293796,-2.9885776300438933
1.0,-0.33083539546721946,1.0,0.9958930581915733,0.7043351580310783,0.4637462077182597,-4.505013941634406
-0.1630518642805622,-0.2828312337987785,-0.5912558053479856,1.0,-0.3371464289786209,0.5822793466799838,0.5073806028264405
-1.0,0.5055456065651077,-1.0,-0.30965784206614433,1.0,-0.3698372055822032,0.27035631198942806
-0.49801390629230435,-1.0,-0.2307356576136954,-1.0,-0.7983177386598148,-0.2328344389951157,1.1093182295913135
-0.8655294334487478,0.04714813485551156,1.0,1.0,0.8538404512864253,0.32220739877917437,-2.4853892114168303
0.10465033293712178,1.0,-1.0,0.5115217570143582,-1.0,-1.0,4.912043660311392
-1.0,-1.0,-1.0,-0.49639909189590126,-0.7259882965682325,-0.22722230132615961,-4.406375844735454
-0.7725884547368222,1.0,1.0,-0.42359529975782717,1.0,-0.08445523428407431,-2.0631276473011075
1.0,0.9281610830296683,-0.06978488469138694,1.0,-0.8987836198087871,1.0,9.02369534205582
0.17472628075180352,1.0,0.6637086728856552,1.0,0.5807382125835183,-0.49964875623144245,-3.3546120613150494
0.1378879438697898,1.0,0.02363244091700034,0.9220749955710488,1.0,0.8084540461578752,1.863646116824474
-0.314958365153732,0.5250707583626518,0.46579976930241185,-0.24900478614400456,-1.0,-0.06091412820980824,-1.0933187382621627
-0.11547087666699132,-0.7662374213792906,0.4994308717451694,-1.0,-0.8713214890663468,0.017982031312330338,2.895820371448837
-1.0,-1.0,-0.8108335913387341,-0.6437499607420326,-0.04898464159113192,-0.7416659664053011,-0.8162348382249541
0.4123444130856795,0.35871263942618264,-0.19345017690223504,0.776620806380657,-0.2299117013848249,0.24292928012365933,0.4254948675338952
1.0,0.027401673213916178,0.22740763195812397,0.6311291425752175,0.538331121270497,0.47840554237473065,-2.524982193940177
0.17705081492877883,0.7639412629176958,-0.05416887463086173,0.22604703315809882,0.43879612972463555,-0.39123174223209267,0.02778847428044834
-1.0,-1.0,-0.67255237552586,-0.4174216438853485,0.7592747128090351,-1.0,4.972676746141612
0.23231215859032428,0.45798887634470686,1.0,1.0,0.15190991110188298,0.9755543113341765,-3.4774595497161815
-0.8294567655537931,-0.37331907980338536,0.40654346601810676,-0.5550813916670934,-0.626687776357657,-1.0,2.4807607582194002
-0.7654837885996562,-0.40623439310220943,-1.0,-1.0,-0.11863797520775643,-0.4970856136199895,-1.3153706542465393
-1.0,-0.1920912150064693,-1.0,-1.0,1.0,0.8233163986955953,4.372286487403255
1.0,0.2150194606901501,1.0,1.0,-0.1376368065825373,-0.060435528583238085,0.20107217164517888
-1.0,-0.12584147635188137,-1.0,-1.0,0.10964979696707078,0.5111775499580375,-0.589749999374003
-0.9603738777399725,-1.0,-0.5030286747646634,-0.9066678253366883,-1.0,-1.0,5.206762936398663
0.7298445793993266,-1.0,0.024951926641106015,-0.36690989613043473,-0.4990023647666382,-1.0,7.344217644826513
-0.18016515156444513,-0.4937152714636044,-0.35260744053229237,-0.9331827658307075,1.0,-0.4812051392830099,3.4344826662740804
1.0,-0.1141284564148598,0.9963470139817865,-0.3221023396876358,0.0664766236667993,1.0,-2.205943762551259
0.9783409516346078,1.0,1.0,0.288491301943131,0.2140305576488486,0.2130059307083183,-3.1312620774671434
-1.0,-0.20229436137699652,-0.9852566767400196,-0.36480045025697705,0.1670710702287388,0.6155405963838935,0.5294516623014462
0.07226706872072974,0.22684251832108115,0.12994772516478803,0.008148347039438009,1.0,0.47227880252738985,1.1483452697486352
-0.9226744507837871,0.920327267824321,-0.7051814544457011,-1.0,0.496062411802753,-0.072174937336213,0.5635309577485557
0.5073719600094427,-0.7774304978189642,0.9580244106401936,-0.9774127489167412,0.01244145052835166,1.0,-3.495189151558917
1.0,1.0,-1.0,0.01859051398359368,0.2712963898042816,0.39235083657017245,2.5888520859044197
0.13220366674192918,0.7432299621937011,-0.26438725737683105,-0.054698054304573196,-0.24201011042193948,1.0,4.306903571815583
1.0,1.0,1.0,1.0,0.2390939744438152,-1.0,0.611262175304694
1.0,-0.1504014132958904,0.5413107006265124,0.4322409430977707,-0.996229898755457,-0.8402354522157274,7.22880521330305
-0.021090757995813558,-1.0,0.6501842795589746,-1.0,-0.1686314576777359,-0.41474662738910295,3.8240244238059207
-1.0,-0.3132770168567367,0.10855556534724564,0.043994188424248515,-0.1389651482623162,0.8200742619318834,-0.3529880503383437
0.7120609591559106,0.6545026169227981,0.8969068918196665,0.15979881453959152,-0.947758279785901,-1.0,3.5845391879895363
0.2625202058075158,-0.4994521451507665,-0.41243379884550513,-0.14480798726849425,-0.16662784827980137,-0.32715863275752277,1.402142123144855
1.0,0.5170879809507507,1.0,0.0027235021163427575,-0.30858558924682433,-0.6790342660400677,3.611072302482299
0.5312015946011177,0.6724839789048614,-1.0,-0.8015613746517907,0.9398177677247133,0.9729745540647534,6.757258322080096
-1.0,-0.01490482834867346,-0.7779972602852232,-0.2438528254501675,-0.05559695750605298,0.7610930513561919,2.596922172463972
-0.5893940489441218,0.5192505896066127,0.5754743425513063,0.4234871555265246,1.0,1.0,3.498934501220965
-0.6654793356574867,0.1598984308416822,-0.7111044382920864,-1.0,0.9375659836651755,1.0,8.77131093950572
-1.0,-1.0,-0.2814016373355076,0.24757277243308534,0.6568302432001745,0.11263902485472868,0.4951950593130586
-0.05834515790775474,-0.3815693030763069,1.0,0.0008280543892759187,-0.16840424538594,0.055160039778268444,-0.3663353398333255
0.22136176166001792,-0.11399479622868666,0.30484749712642856,1.0,-0.7017774952927323,0.6082009101425782,1.9736282964048528
0.4587132522264955,-0.6565231682133419,-0.06754810429490277,-0.0852348750673847,0.2643010334470562,0.46325811058007865,0.6060055633671988
0.18827631625958785,-0.2529294469075769,1.0,0.49947372527617495,0.6771074456280289,-0.6666848304919258,-0.25122632115095456
0.06284122784558493,0.07130875653685861,-1.0,0.29841308444841835,-0.4943768304826665,-1.0,2.1406543060380487
-0.314942917449605,-1.0,0.03343350792140515,0.7732004660758075,0.09706441237186425,0.33821169397733075,-0.34859479197025334
-0.8102411990606382,-0.8921908864498991,-1.0,-0.6655449375390503,0.6651809162362778,-0.5786089518015105,-1.4636022673174625
0.21391593408370008,-0.45866859822659606,-1.0,1.0,-1.0,-0.09221252386384604,-0.7059182021439024
-1.0,-0.7703452567238243,-0.5076682998693898,-1.0,1.0,0.881794411597282,2.0397397592779454
0.7877023455577334,1.0,-0.7526824231980399,0.442089068355384,0.7578664679027123,0.37307540419066587,0.44278187603660646
0.30028811458763083,0.28204517033799803,0.3275650540100521,1.0,0.30821069072986274,-0.16346719125636877,-0.10436206885895574
-0.17556621621815915,-0.7672180518099967,-0.24072965866003482,0.5457567538432719,0.8253062638596464,0.0937161297398359,-0.42951571922541254
-0.3175529814497341,-1.0,-0.1592939112521341,0.5798233452054418,-0.21445386412021517,1.0,2.1646851399048703
0.27031841636070997,0.055582112347519974,1.0,0.9594662045360713,1.0,0.4086974297381283,-2.4870815192498235
-1.0,-1.0,-0.24400416911873468,-0.5141543226654826,0.2939113966839559,1.0,-0.02214195628588289
-1.0,-0.3800848817520359,-1.0,-0.5257037167483323,-1.0,-1.0,2.3005448895103995
1.0,1.0,0.31354705318638487,1.0,1.0,0.15162795706106103,-3.513678315158876
-1.0,-0.40439072055086056,-1.0,-0.8292873660619138,1.0,0.7682027973213575,1.8273666383386198
-0.4217323329287097,-0.5614393367403687,-0.8828817426400299,-0.8391655801809814,0.9463250517572688,1.0,5.172908573256758
-0.06071501415869737,-0.5149048234524465,-1.0,1.0,-1.0,-1.0,0.5837087712344896
-0.9127295111266511,-1.0,-0.07644775924578662,-1.0,0.951573014049276,1.0,1.2152871587812113
1.0,-0.4609323061999352,0.42896162016779504,-0.7318857671967407,1.0,0.47200020528830783,-2.9610052725446883
-0.39401134010676,-1.0,0.643119563831264,-0.628563687131733,0.19707338715990885,0.1313925518090142,1.0621253964591022
-0.7873642444814679,0.38121048046098405,-0.042421398247871375,-0.16470615717809922,-0.5755166457998873,-0.41033429823717654,-1.2793997839554891
-0.5554830140460061,0.660942022310161,-0.0035901701886101867,-0.21881723967502506,0.2901757408136092,0.37203077060271394,1.0541315593088527
-1.0,-0.9670309424705514,-1.0,-0.6397300947658688,0.022410807877562555,1.0,-0.12513692985436098
1.0,0.5782672503629045,0.06393513625413802,1.0,0.7507354304369855,0.2935834380008189,-2.2616574603276995
-0.9135888037594156,-0.8305662675747141,-1.0,-1.0,-1.0,-0.07359752632568087,-1.4329584307980485
-0.3477205250448492,-0.6083067491592207,-0.012134368068990153,-1.0,-1.0,-0.5803920310853599,4.089376623345466
-0.8971987951830653,-0.9770090378501075,-0.6235869848159151,0.15952605585813645,-0.80552003263624,-1.0,-1.1880262814957816
0.21371916128161972,0.26637893525509826,0.28018790917406794,-0.33338610902333315,0.2946868767788453,1.0,3.0666556676937065
-0.2926339592283198,-0.3498227827351691,-0.3710884293921458,-1.0,-1.0,-0.4033894829628738,1.8197686564268543
0.8308524212562733,-0.16979505916345872,-0.019313351005394885,0.06023017732445024,0.18459806891903804,0.3557902396375574,-0.63884382008883
-1.0,0.36254093748218863,0.0996433639821166,-0.5296371489334717,-1.0,-0.29094143360017555,-2.241515964303093
1.0,-0.2973206425742063,-0.9975675511835027,-0.2793256622304119,-0.29229209304955617,1.0,6.648261302727098
0.17635288122269688,1.0,0.01661575707058116,-0.5596517696401737,-0.38972034774948616,0.4844199425824349,3.263191304560366
1.0,0.3876158774099965,0.4978425923604922,0.9216802361110973,0.17587703064982443,-0.29271070923556763,-0.10531803201505954
-0.02777993399210446,0.47024581920744213,-0.2751654025309519,0.1093787939801335,-0.9267450372937703,-1.0,0.6549909588034651
1.0,0.9500526327244332,1.0,0.26749743927866687,0.40196852945132966,-0.26838865070354057,-1.7765169393379663
0.3957018249238994,-1.0,-0.5403340989711543,0.18659844625267968,-1.0,-0.762450371794605,2.081070602073564
-0.29755304516983105,-1.0,-0.9313606138040641,-0.8698350596581104,1.0,-0.10984690854461243,-3.613388716942837
-1.0,0.01571130019355771,-0.8673668998935888,-1.0,-0.17612960578648518,-0.7440733984985115,0.6813651265228893
1.0,0.4477394580405789,0.22785202167045143,-0.4215143823119999,-0.01199063370475928,-0.2682671647337474,0.21948871779327123
0.8428626716620748,-0.22058291365282623,0.41702073882994417,0.25993684695610675,-1.0,0.9282506797301466,5.740885401515564
0.968884304359984,0.4490757351651615,1.0,-0.8252309155470068,-1.0,0.6577309809485672,3.0035460654386084
0.5652087385910112,0.6652624313381639,0.11641506333400681,-0.5155915747159374,-1.0,-1.0,3.5625510320929643
0.29354572481744123,1.0,0.39535716576981184,1.0,-0.5752661715946821,-0.8728815091538769,4.840067323465704
0.23340841654917532,0.19503431049210374,-0.4130099945529032,-1.0,-0.6365060299228611,-1.0,1.7360297959602895
-0.4645414486256429,0.7988846570638706,1.0,-1.0,-0.07561659591344871,0.17678440274583618,-4.296352667725502
-1.0,-0.20251540442274663,-1.0,-1.0,-1.0,0.0971154444493944,-2.5885964472770113
0.7807526623643737,-1.0,-0.9784649086439222,-0.9790397055826274,-0.5543104959460503,-0.7399583478401712,4.521214843588566
-0.5856019898416001,-0.026913552006399083,-0.497046890546899,0.26023213896274755,0.04671382965393034,0.09131004685100402,0.7620264870998559
0.526853017610208,-1.0,-1.0,0.045361288080662476,-1.0,-0.08417070032313537,0.7683064153904657
-1.0,-0.431436749453449,-0.020554833753368307,-1.0,1.0,0.8921741065779758,5.307608240127592
-1.0,-0.09594834846734757,-0.23233614930645508,-0.16448929596141837,1.0,-0.7837009325320843,5.069212352607549
0.4711548526210137,1.0,0.03164531937070436,1.0,-0.7645019699668842,-0.9588617987222868,7.628469072003883
1.0,1.0,0.6756913412257182,0.6842181082822192,-0.003405730413172353,-1.0,3.5913067041336872
1.0,0.19182576618516567,1.0,1.0,0.02261105782852535,0.8754336392521359,-3.59132589378035
0.6593901201494359,-0.0018674037232010443,0.09979651086954339,-1.0,-1.0,-1.0,6.949759333850734
0.059567430860858694,-0.01891780856398939,-0.9443760873070276,-1.0,-1.0,0.328490603280824,0.47872850529840016
0.11419903437252069,-0.5230625983943866,-0.11171160260288526,0.8225427321529706,-1.0,-0.011266950553328936,0.7821105371401299
0.33973845605625497,1.0,0.444330553263082,-0.05641198277203391,0.8918406966789835,-1.0,0.02289829318599776
-0.31942549945633225,0.3907428445368342,0.7288213171475082,-1.0,-1.0,-0.06230531219152802,-0.030198775731105583
0.15582771432283632,-1.0,-0.419591466783345,0.3961109515518482,1.0,0.4443093714668762,-1.340091218412565
-1.0,-1.0,-0.06737971676495946,-0.5807578103617774,0.9123450434483876,0.15735861606838597,1.9112597633139772
1.0,0.6927552801954926,-0.39243688768164825,0.30144225342686537,0.8699073716759862,-0.022296921365679734,-1.6315162521357363
0.07967003781928361,-0.1420231669323086,-0.015657919197065384,-0.6617272012722286,-0.44066841927439465,0.5578135894510957,0.8544446222139173
-0.945794174416831,-1.0,-0.24845997494046526,-1.0,0.8937684422744485,0.7845368104394177,-0.3221161045348224
0.1267196335442923,0.4501708785220029,1.0,-0.15680560120317721,0.40528909013414083,0.44474772945925767,-0.9598312760943928
0.021935725105996506,-0.6354274302495482,1.0,1.0,0.40235666855990726,-0.6613247440477361,-0.7170211694207014
-1.0,-1.0,-0.8126748344117811,-0.7310274372862731,-0.19422591935528088,0.0023960473274333705,-4.359451474785177
0.013038355972866955,0.7222457049007196,0.5135156348974348,-0.4859399605054468,-1.0,0.014001127222816934,0.06494270981964487
-1.0,-0.1919644745093365,-0.6003490450858752,-1.0,-1.0,-0.7235257783110077,0.4523427975381071
1.0,0.6766005448459325,0.6727902994213877,0.48541912514494756,0.22586566566217342,1.0,-1.0324192513174324
0.43463195125606713,0.27793017988370095,-0.5295598232105698,-1.0,0.15004379704919957,0.15747100750429036,0.4512248283140684
-0.9085182704488772,0.8634944745814146,0.24808116073615089,1.0,1.0,1.0,3.409662112975121
-1.0,0.06189171667849491,-0.43074814213404305,-1.0,-0.07069842796352177,-1.0,2.8735984209363448
0.4006465143587057,1.0,0.6361005916954683,1.0,-0.1357216723068596,0.0738268804105442,-1.6219662370809418
1.0,1.0,0.9301161116174326,1.0,1.0,0.860124823737078,-8.61675821058339
1.0,1.0,0.2583173211218273,0.9807387199491999,-0.09978994539981756,-1.0,6.697794179172735
-0.7636696723421426,-0.07052601403833259,-0.4613054921682107,-1.0,-0.9709072218702919,-1.0,1.0229502911081676
0.09771064905366467,0.0005687249498312896,0.3989294505830556,0.6793935781479897,0.9663375506232734,1.0,2.620201582312645
-0.814000680155805,-1.0,-0.49929214490676177,0.12280215987096213,-0.18958506376088047,-1.0,2.120637652821308
-0.7777592266680031,0.07864770366632445,-0.7529195961355475,0.6209000456539795,0.8786833589867585,-0.2106830085551506,1.7364731895858503
1.0,0.8320627840166785,0.36277907569041057,0.8607348979776566,-1.0,-0.6773388424982988,7.392811850241235
0.41420972370344655,-0.548834819905199,-0.08101808488777085,-1.0,-0.018730985347973406,-0.9200050347436836,4.504767896991451
0.7018197479907622,0.9617363453338676,0.9880546365360674,-0.1374231670670174,0.1591794490181807,0.8291612904414752,-2.8568425390914434
-1.0,0.18677516614307021,-0.029676994008966617,-1.0,0.5822727743278595,1.0,3.877655378285479
1.0,0.5856777918341636,1.0,0.8179423280452571,0.05870830447394371,-0.8168179613730794,1.9004900657032262
-0.3147054367754297,0.09309406912540352,-1.0,-0.34246882585085536,-0.3924381031264549,-0.8399693075812309,1.6051237853510065
0.19975180141786625,-0.9470781509431057,-0.8652393168505086,-1.0,0.7594681514514439,-0.5120935020750839,-1.5860246009256218
-0.24139645233647467,0.8120471143533169,1.0,0.6333251751635242,0.4489105018256369,1.0,-2.4005526458497415
0.025165055592696883,-0.787255255133229,-0.6345929047368548,0.041827791425837535,1.0,-0.48281080756396116,-0.6120397306402396
0.0020797116710191688,-0.9283256488830329,0.165993475119791,-1.0,1.0,1.0,1.283990781917034
1.0,0.1511244183221503,0.7953761397627117,0.8358454595525919,-1.0,-1.0,8.017322571475646
-0.09731450959310406,-1.0,-0.9232446104240439,-1.0,0.6228098362218422,0.5854868403872109,-4.128456687773539
0.004504636204765711,0.8422401730606426,-0.36789362980604834,1.0,1.0,0.5121591650577066,1.4695214743329206
-0.2603662426816551,-0.8725018045338453,-1.0,-0.16936135839099475,0.8514086798644318,-0.2540421729976509,-1.7518190810060934
-0.4000132540874092,-1.0,-0.8387351228133817,-1.0,0.6991502779887067,-0.037051469910625134,-4.851003178073067
0.8197443231779263,-0.6727923441665065,-0.5629673331622516,-0.4219935755357851,0.26633302548789817,0.7376073162526454,0.023125206510372975
-0.0823719937472871,-1.0,-1.0,-1.0,-1.0,1.0,7.674661707279738
-1.0,-1.0,-0.6104084271743544,-1.0,1.0,0.19889359924774408,-2.228346850343098
-0.49148634010281494,-1.0,0.69667056551642,-1.0,0.42671897684762927,-0.42268274030172925,2.545217771105051
0.8303526124307072,-0.7357439196970013,0.74621117243337,1.0,-0.19587089647660938,0.442331343689502,1.4506070834582776
-0.2164549955061186,0.2854185842481979,0.1716148778424838,0.8614514439149428,0.6957838432777324,-1.0,2.924632842388615
-0.020892357907571046,-0.7711648923283099,0.1799476910924117,-0.3864418877317426,0.6921690318614152,1.0,2.1561171487852366
1.0,-0.1352827989205605,0.8925117169047506,0.9188961620766958,1.0,0.030464707120004264,-4.0322768941279685
1.0,0.44401280469682014,0.9958296158399362,1.0,0.9749882773068653,0.6547621113567335,-8.19447386797438
0.3115943036546527,-0.9024099525052068,0.03493207543665977,1.0,1.0,1.0,3.9047222419421237
-1.0,-1.0,0.5180539191319953,-1.0,-0.14832458797656656,-0.7551114336100568,4.26244385191568
-0.08750919596504617,0.22236146874008866,-0.5860937682869928,1.0,0.3020336990182738,0.5062379725797652,1.0099068824744069
0.7958219986090812,0.07647353199877088,1.0,0.5850868205522628,-1.0,-0.7907217336044031,4.908471125375119
0.19648206356700593,0.7096407211217982,1.0,0.25180525056345404,0.5074579429108418,-0.12404588336327926,-1.7668853804416536
1.0,-0.04440518602338159,-0.4292561440721353,-0.11717436561151162,-0.3648925714031015,-1.0,4.398587186964798
0.5709071917346715,0.09651374763384751,0.5620663233276237,0.5039810930822846,0.7248228088434585,0.8127733496508092,-0.1778368893342696
1.0,1.0,0.716261739755142,0.9907263169437727,-0.6450687818678231,0.5933079437374545,2.1649174685303403
1.0,1.0,1.0,0.5135853287070296,-0.9982649166616097,1.0,2.1200752923455237
0.11679323379262052,1.0,1.0,1.0,-0.8052925598752477,-0.5560055343982476,-0.016557060237188392
0.32884385664189875,0.3662783866008419,0.7577864977668729,0.277095402451619,-0.7604960141075796,-1.0,2.6473667589227308
-0.5047127521193195,0.536599475723404,0.3073124557868765,-0.07846856581464812,-0.9246818522907267,-1.0,-0.8399013573533177
-0.4714862756000433,0.30533271530718487,-0.20611093568643246,0.6074116265935002,-0.11947282218195354,-1.0,2.9194427315077314
0.09502705020917335,0.7267790901371578,0.10761992395332892,1.0,-0.3189788070400805,0.6145478415124774,0.6306005194738888
0.48206746104751447,1.0,1.0,-0.23247145657391655,0.32117176192157465,0.08913048144150923,-2.5659559440578574
0.36862920211023953,0.7403926974762143,0.3090470192907244,1.0,-0.9765339517665277,-0.5736493560149163,4.956752601624234
0.8358981970395815,0.6290231852283419,0.5679447565224255,0.1888820664052555,0.39936129255039177,-0.20160124853949557,-0.2579260848941388
0.19808091312258147,1.0,-0.023119141130342857,1.0,1.0,1.0,3.3151437531353265
-0.3895279897902052,0.03689912455534927,-1.0,-1.0,-0.4028875870944343,-1.0,2.435076251086285
0.1739893838705595,1.0,0.9057112502341345,1.0,-0.42982104219553074,-0.514287114146484,-0.23566562108739164
0.9623332648996171,-0.1766479372315496,0.5901445537344955,0.7201739207512947,0.6763278523649354,-0.2896897132117547,-1.4028590918990806
1.0,1.0,0.07756050191043551,0.09655924427522522,-0.30487125545421856,-1.0,3.9067909090141866
-0.49799564553556397,0.5415744992228756,0.022180668853959695,-0.8527703615621637,-0.7369464294368583,0.2846165862837742,0.7110523716086264
-1.0,-1.0,-0.8260482941044689,-1.0,-0.8975070797589896,-0.043671724867402895,-2.2824855067129968
-0.8331255824945273,0.18947418951090114,0.6758133422326675,-0.4630491386763181,0.09189974934463496,-1.0,2.6071603261308
0.6527880451481852,-0.5650820467248487,-0.23882252871794668,-1.0,0.20040288609678159,0.08478722773475456,-0.8384527008964305
-0.40173332874053136,-1.0,-0.8807525911061829,-0.1697256740204358,-0.007059711896386767,1.0,2.4467510958511958
1.0,-0.09315384690846329,0.8552872961329261,0.11559776569881147,0.993199803819925,0.6073881617125751,-5.740369329889349
0.33019120911681055,0.9007421291016631,-0.987476702276933,0.11246151006196756,1.0,1.0,8.532243858508417
0.8084554584852369,-0.1057351096600112,0.19912646205561269,0.9663777910781677,0.6938280239519495,0.9825662704285467,1.8373803561208255
-1.0,0.42709682218090406,-0.83071991506141,0.768939087144891,0.8879704445939648,-0.4210335305543057,1.3550385417582778
0.49629710954873296,1.0,1.0,0.2173600990726814,0.39499238224056554,-0.20374414737290425,-2.8409531274028046
0.17168255055087767,0.2707705736793151,1.0,1.0,-0.26126777838818727,-0.9505817629499289,1.1483126789501734
-1.0,-1.0,0.596708765957568,0.39777564875816696,-0.4549754251957794,-0.6412762417813548,2.0799625395652424
-0.6264197126536777,0.10180519392102072,-0.3643362052391008,-1.0,-0.4256620141265659,-0.9404381060474197,0.9954632828446917
-0.17294950042803664,0.29684806205791237,0.8079399908813212,-0.028089532813933782,0.8759265702928902,-1.0,1.3662879185444452
-1.0,-0.6937932359063953,-0.9227512538746546,-0.7251631263383553,-0.4783625716909685,-0.4322261469380606,-2.7695922993857165
1.0,0.39104647177303054,1.0,-0.06890169992176026,-0.6063781534193504,0.010905961637029532,3.1507854326966807
-1.0,-1.0,-0.8672370772578255,-1.0,0.48428369963342655,0.842669609319852,-4.5340489639504336
1.0,0.9575846425104998,-0.6379973059956372,1.0,-0.41956311505330224,0.886036564397102,6.396056179323519
0.9543420438137241,1.0,0.37040129624618157,-0.6299971208311103,-1.0,-0.4454911582718032,3.6064945574758354
1.0,0.037999902853856904,0.19169676321289014,-0.18153087143271573,-0.10369921411836192,-1.0,6.156041859245419
-1.0,-0.7811869022499756,0.17813481834065245,-1.0,-0.4227171071985145,-1.0,4.519309756735786
1.0,1.0,1.0,0.720335591852452,-0.1393741196888985,0.28685179665365823,-1.37126979416025
1.0,1.0,1.0,1.0,-0.06575196395502148,1.0,-4.69399492149244
0.2854268142049712,0.7527248403105926,1.0,0.7777078779184047,0.6040553363282144,1.0,-4.486162246165893
-1.0,-0.3896943571693361,-0.13644988239810796,0.6599752759580961,-0.0686741497372777,-0.13180629014983558,-0.9429407164832924
-0.12314296468936892,-0.5808779957642075,-1.0,-1.0,0.5645339917805958,0.4450060547744853,-0.4021733805050063
-0.007947158699900592,-0.9280927522169676,0.23837244902564392,-0.727158953164441,0.1285756540323656,-1.0,6.30829269761326
-0.40140665708819817,-1.0,0.3911531373203437,-0.9442403623050047,-0.06908010711790369,-0.4042164637748862,1.6926773588593984
0.5391430894747674,1.0,0.8529707533433881,0.546654702764801,-1.0,-1.0,2.325954866888724
0.15857659958094028,-1.0,-1.0,0.7168773472021408,-1.0,-0.19162418363608247,-2.279233566020719
0.11497265909970122,-0.7743890768907744,-0.7285943948251874,-1.0,0.6664779768621655,0.13700621049753847,-1.295629896051622
-1.0,-0.27314692281635444,-1.0,-1.0,0.22205850832644486,0.08406362797651679,-1.2773173664333646
-1.0,-1.0,-0.5758478408342462,0.46211398702298523,1.0,-0.18691835850126381,-0.5351678235661524
-0.49081825513424215,-1.0,-0.047683300897798986,-1.0,0.02494422055761636,0.28995930342543297,-0.8435960787422896
-0.3474884769353024,0.8603925447605034,1.0,-0.1849835776207358,-0.8529523770741203,-1.0,-3.7305940426314
0.9213809090730525,1.0,1.0,-0.5439438366438949,0.33644923410503513,-1.0,-2.488340524557536
-0.7776123050243784,-0.8359512449291724,-0.23655214930555138,-1.0,-1.0,-0.2363796347746519,2.1564140791332593
1.0,1.0,1.0,0.2980713331817477,-0.7071677106148286,-0.7002702376698529,3.551332712542055
-1.0,0.09622260085654033,-1.0,0.10157189520688525,-1.0,-1.0,0.6270270981695295
0.6285437482969858,0.017066051173938834,-0.23742234501053422,-0.9017150818452038,-0.435338982932999,-0.24801144023588173,0.5826621658549455
-1.0,-0.35795479257597007,-0.23500523484329405,-0.612927403045072,-0.894948328287572,-1.0,0.97454189063186
-1.0,-1.0,0.400453301473631,0.6396081056541421,0.06249351646376826,-0.48651627102780537,2.8136433623967525
-0.3787503766572864,0.3637324769163861,1.0,0.6101293622432892,-1.0,1.0,-3.3191089756475094
0.9761106470224843,0.7989583127354327,1.0,1.0,-1.0,0.36444751466523684,3.5498284853153184
0.18406751315596526,-0.021820291443964468,-0.49671881030190024,-0.7687936426943862,-0.036508142702704305,-1.0,2.2999438932564433
-0.6637542820963462,-0.022073895662058918,-1.0,0.4719895974167716,0.6829442539883459,0.9408122782744364,8.355143514636062
-1.0,-1.0,-0.4934029846928465,-0.8087628295856182,-0.221007854010837,0.4635761332527882,-3.79502810284656
1.0,0.44011867653898573,1.0,0.6434837308016955,-1.0,0.22468671494351644,4.043979315284703
-1.0,-0.654937378110153,0.25597005181830323,-1.0,-1.0,-0.5906616360998547,3.1735015738296477
0.5222293578220527,0.9235532772168076,1.0,1.0,-1.0,0.620008294347667,-0.4822356133691387
-0.0004238108741839719,0.6391792337221582,-0.5867084099434579,0.25601851151374033,-0.11743619277195594,-0.2995328546339219,1.6712888776947525
1.0,0.5251741711337918,1.0,1.0,0.13496056161392378,-0.5752918387757845,0.18200201977669145
1.0,-0.10512355533687223,0.04681621977667619,-0.49401790803546086,-0.7716032257894938,-1.0,6.87650271445148
0.335860144061114,-0.22794154892439455,-0.09953675241368201,-0.5002703387143912,1.0,1.0,2.2013997037032516
-1.0,-1.0,-1.0,0.014982359534486789,-1.0,-1.0,-1.2131526177025576
1.0,0.7938423556660075,0.797064779314012,0.23263520216616707,0.3721778010585646,0.0753796083089513,-1.8243679324528645
0.20617862062683412,-0.17154202256661777,-0.32952053316119134,1.0,-0.7041913686720817,-0.40883651500024965,0.22939881925330263
-0.08707621263048386,-1.0,0.03823618845721265,-0.5638830014964261,-0.7505482311812126,-1.0,6.001192335566813
-0.30286011704599447,-0.5990911996535856,-0.16259041618438652,-1.0,1.0,0.8248416962987163,1.8011583634311201
0.2281406344515714,1.0,0.5576246394135723,1.0,-0.8206357846055985,-0.41023097701803873,2.846941184426997
-1.0,-0.1569297696704428,-0.6116239876232525,-1.0,0.7205992897394536,0.015358387095724346,1.416220958552361
-0.4158580799000924,-0.13208838371117249,-1.0,-0.27774926799294164,0.8716183229766395,1.0,7.501745623116258
-1.0,-1.0,-1.0,-1.0,1.0,0.4876916291428637,-7.4150838992577315
-0.9649293393923907,-0.1410722982637539,-1.0,-1.0,-0.5901297116412816,0.9837743711118807,4.144073008611101
0.2997337438939335,0.16848162642713238,-0.7915430158220745,-1.0,-0.9133432210377208,-0.05681114832118406,1.0225684579488843
-1.0,-0.5827916394050245,-0.8923955309417142,-0.33851382002372066,0.7282350313455228,-0.13601057507196812,-1.8590186641614297
-1.0,-0.7190048739356054,-0.42435958208683433,-0.10706864100193186,-0.8047574417609495,-0.8574016728042126,0.17521719622635737
-0.506174800764924,-0.8522206575432036,-0.049977046171287176,-0.5273031276266267,-0.20616871806333636,-0.8126484420474525,2.394988167356877
0.4289956815791829,0.7084071452194738,0.6959567528283382,1.0,0.02127176473044079,1.0,-1.7028850010940246
-0.28893727850897843,-0.7485875775207529,-0.2141590845111725,-0.5398890400240188,0.8429532846616448,1.0,2.8732814248863114
-0.046167033470846594,0.892529299405596,-0.3229153095731271,-0.23358134700237965,-0.2181440492170405,0.6185709851618146,1.9175525361768149
1.0,0.008695905524847891,-0.8165159249035434,1.0,-0.7943493096518286,-0.8748051367272744,4.740273566793043
-0.4994792718115715,0.006729247172806596,-0.4643060756459455,0.6565673105514136,-0.8591111253186065,0.17908457911844267,-0.5199510914966594
-1.0,-1.0,-0.7899483790301417,-0.06265641937418198,0.6892379503416268,0.6259504871604016,-1.0692709570559136
-1.0,-0.18398244885322312,-0.7445542086976211,-0.04836803430975967,0.534894822539062,0.42562652763876363,0.37862261705090683
0.13305802462347116,-0.666217581904758,-0.09902268895135236,-1.0,1.0,0.5862442988434595,0.45883882045379665
0.026928282256023728,-1.0,-0.4266569718218994,0.08854481024804023,0.047075180578343784,-0.5447856970560938,-0.46514883275019514
0.9287905185395195,-0.5783119996612118,1.0,0.1055997974366708,-1.0,-0.18192125635884904,6.471020759323818
0.08915118487850882,1.0,1.0,1.0,0.05898241972818243,-0.37388247480586967,-2.14847111076004
1.0,0.2228394807734404,0.7714927660361763,0.9191937042733245,-1.0,-1.0,8.804164115543173
0.8567072663587212,1.0,1.0,1.0,-1.0,-0.498288681639423,4.349893019890603
0.23354385626781293,-0.0339055860697452,0.7696721956949497,-1.0,-0.4562331020900463,0.06963082410088961,-0.6611868028005654
-1.0,-1.0,-0.6780347756999846,-0.14973921868235696,-0.5863795003257368,-0.4948476415120432,-1.830052268657644
1.0,0.18976825580210321,0.9756620337549893,1.0,-1.0,0.2362101570218832,3.363632684069103
0.24842617357561425,1.0,-0.502118094457533,0.8348019811675792,0.08107321957316616,-0.17800559152899142,0.9731065363890419
-1.0,-0.09157637244607986,0.10478292592686872,0.055945474698409325,-0.1493675767576692,-1.0,2.8026869939317365
0.06308899797863599,-0.06156363573332754,-0.3889092377964894,0.3768091707276512,-0.7555150096521108,-0.8834107461543461,1.460564489184722
-0.23479302005958208,0.09849716811184273,1.0,0.1399643820531568,-0.3891546571048735,-0.7787051702181712,1.6909950250489045
0.17564839915925679,0.8201419423927443,0.034246783331862304,-0.09050646759679215,-1.0,-1.0,1.04766342695266
0.16703958261189755,1.0,1.0,0.513544915721005,0.2585672797875481,0.2411290373014821,-3.678010094757744
-0.7017846008362063,-1.0,-0.011383798314350047,-0.5881244762446177,1.0,0.2489095493383886,1.4814496004103466
-0.44212314803991065,1.0,0.6619598535674397,-0.43928179623075875,0.7732682855019413,0.788276950411283,1.6661317577610482
-1.0,-1.0,-0.896801540228257,-0.7406737810229216,-0.22806839135562673,-1.0,4.147436453556492
0.00887033728177955,1.0,0.9740247081134822,1.0,1.0,-0.6087844774394209,-4.472816218263933
-0.1283796201773862,0.8239689865132296,-0.4750481581853258,0.18906035463324805,0.47414230787556005,-1.0,2.748850895918278
0.046037739987984994,1.0,0.7739108218187554,0.8626163824396775,0.6411533973609298,-0.27385330835796,-3.7024337910883682
-0.24742028470245336,1.0,-0.5314671405133197,0.6726368227422169,-1.0,-1.0,2.79722862375173
1.0,0.776880226381185,0.9642586007538647,0.12768348337064767,-0.6126594696592624,-0.7636144925540087,3.7353244052059464
1.0,1.0,0.19056931858819223,1.0,0.04231587706408291,-0.316485097360655,1.534005597069514
-1.0,-0.015215189781943694,-0.6337284986551797,-1.0,-0.33221325022670795,-0.20882408389493612,-1.3897289435961064
0.533102075885372,0.32962650414403516,0.13644363808365845,1.0,-1.0,0.27579705443930197,2.3685321696764134
1.0,-0.3119673747778697,1.0,0.4299115517024894,-0.23817586522939413,0.4288843409799345,1.330734191184145
0.4660105710987751,1.0,1.0,-0.5633508206902331,0.2107240699071105,-0.4468924889753809,-3.1029991552803122
1.0,0.41773235525767005,-0.17063385932574793,0.028098169317978372,-0.06033346187351463,-0.3624480411263723,1.2698328216104438
0.4581396565602802,0.07258342471821977,0.8609684609354336,1.0,-0.2014480500233433,0.6658450964592553,-0.48178482165045233
-0.6776792612049573,0.5848117084516662,0.17880261034743106,0.9786491843427798,1.0,0.7196752813649827,3.2265337549887896
-0.8367051795904006,-0.6876254807485851,0.1675902825718949,1.0,0.24678653807217377,1.0,1.5773998295664131
-0.34980608856084594,-0.6915732609312675,-1.0,-1.0,-0.17175860756018935,0.1757850140720456,-3.3966051227016854
-1.0,-1.0,-0.20967543395314903,0.955504956556765,-0.4709597391712422,-1.0,-1.5339513259450968
-0.2428835481436245,0.046947296220697876,0.6219266669117189,-0.1450651153186085,0.6533415642748303,-0.12409670827389618,0.831136927047939
0.16245624708922946,1.0,1.0,0.40773928073876187,0.8629374065835123,1.0,-3.3954273359923413
0.25508437556132413,0.028819038658815077,0.3485173078847479,0.47050835919090017,-0.19317520836350716,-0.5991810212378327,1.2088816865337662
0.07015245933028247,0.5748241822699982,1.0,1.0,-0.09428043829290322,0.25001533846343604,-2.4632367670006676
-0.6794272481725381,-0.39850114070758524,-0.33325958087012886,0.12953991346315682,0.48123252793619337,-0.868643491355989,3.776679794284394
-0.8006534305002747,-0.5499607062568168,0.4682080687400446,0.7129898057415864,1.0,0.18981320904352053,1.7103735432706288
-0.8850357426588507,-1.0,-1.0,-0.8919632559707962,-1.0,-0.7482838515735497,1.733666080018222
1.0,0.19166586682318099,0.413834268430223,1.0,0.9523258511531691,0.9798233797812398,-0.682221010635731
-0.9567750219370522,0.47404144015932426,-0.8535100284338804,-1.0,-0.7995605597643825,0.8049587972869539,4.189993725398568
-1.0,-0.07142806984671168,0.9756523989625143,0.5529559297265618,1.0,1.0,0.11758928693592874
-1.0,-1.0,0.7557642716490756,-0.5744231706784789,1.0,1.0,1.49359465983208
-1.0,-0.779070107193808,-0.609172753621215,-0.8683977968375679,0.7896119814213355,-0.2984149215315012,-0.2727444276443212
-1.0,-1.0,-0.8638290862434486,-1.0,0.9580962324642871,0.23105486637849085,-5.802399185670911
-0.6051508011675342,-0.14864506162130453,0.06034639721048704,-0.1466245226780986,-0.7257893850178687,-0.2866208573530528,-1.236964846430229
-1.0,-0.4998263260545275,0.8650293584264246,0.7771702367551341,-0.6313467996714488,0.02057365246637055,-1.6404062341815828
-0.18545843915421556,-1.0,-0.8722522195583085,-0.9055270244512132,-0.16230526009538115,-1.0,3.53425204831227
-1.0,-1.0,-1.0,-0.7953235102423881,1.0,0.8038337924902885,-2.076527645037023
-1.0,-1.0,-0.7302600587382814,-0.9243445748322696,-0.2672169299551782,-0.5980055639048519,-1.536455280943176
-0.7859194554960512,0.02187485196096245,-1.0,0.22308500692162625,-1.0,-0.5399168466465862,-2.208622062649428
0.5344319077110464,1.0,0.4246713839468996,0.45019591160576944,0.4417857775791676,0.6911530109038317,-0.9713576584491724
1.0,-0.5858144015503766,0.00445189177262606,0.12085246278895001,0.7842239663787323,0.15923186506999265,-2.32405190692005
-0.4464348648744055,1.0,0.8739987990188729,0.5443991180955037,-0.7312119972157793,-1.0,0.028531034183592596
-1.0,-1.0,-0.4669814815078468,-0.9046859777993197,-0.7673536052410148,-0.07434150338236356,-2.0175855393854656
-0.4518597859664325,-1.0,-1.0,-0.12627970126914967,0.2634757314332976,1.0,3.569235322479222
1.0,1.0,1.0,1.0,0.4150425762185328,0.8577151137401493,-7.026833170848568
-0.7290094878350761,-0.44992751775751644,-0.8983710000351126,0.1374767532287371,-0.7534363456249814,-0.07394261517777279,-1.9891573630935115
1.0,1.0,0.7676422406242736,0.2299066066552009,-0.5664132308199509,-0.382768300960762,1.3599331984979701
0.03338190487086534,-0.4098449623549174,0.2000008505533456,0.4337617264905752,1.0,-0.027071587698574984,-0.04914816310787205
-0.9373852080267981,0.9905583012266947,-0.5037913841182671,1.0,0.4555689176854667,-0.9081629245424178,3.8240598105543735
-0.29149633638653294,0.1390726769456032,0.13647007748879547,-0.05419201356046527,-0.24775349978644523,-1.0,2.635760127339715
-0.9034452177406733,0.03324686284871148,0.9198220046392689,0.7938301178017351,-0.567019696764478,-1.0,2.287001550319257
-1.0,-0.975655217923845,1.0,-0.659633301292321,1.0,-0.0599575116180035,1.4286700938958778
-0.9899017211049539,-1.0,-0.4230275797749574,-0.47429858870498887,0.8534970452610905,0.7053395234788472,0.7003898814076577
-0.29118202374725927,-0.14041680301629514,0.5440618618357862,-0.17273851300732412,1.0,-0.02954310132840411,1.3691734271436726
-0.8396069851750425,-0.12587966066878065,-0.9142455013046817,0.48555667356827714,1.0,-0.18089429376299895,-0.782373956458526
0.7285885883590189,1.0,0.44478402329684275,1.0,0.6927568133593734,-0.18552543327735427,-2.1525822574210447
0.034569282052540506,1.0,-0.31475273990745123,1.0,-0.7036101249822364,0.2895012819961079,2.7440920782535883
1.0,1.0,0.2754305619210907,-0.9350048420801603,0.018041403736503314,1.0,4.02499273936461
0.7804870994138496,1.0,0.5803905210852386,-0.5418892401033604,0.31371492497414094,-0.5423736583554242,-2.0277499867613504
0.931139139240327,-1.0,0.8868821133432383,0.4606894603260303,-0.23621209067270543,1.0,2.9240224499627394
-0.8788224749250059,-0.5521184780318289,-1.0,-0.45987552159885725,0.4387341065548578,1.0,4.919050815148599
1.0,0.7776919424998774,0.6613467327955613,0.8572740757961648,0.7213601306892209,-0.2604683335251521,-2.4399696030502285
-0.010604143930577736,0.2467563486869619,-0.117306858234835,0.6995094847082308,-0.1685413171414054,-0.0031282965272314,-0.3996792851199159
0.5798620090463449,0.43334473031972,-0.46865779742523944,-0.7382830811703391,-0.04157001921403804,-1.0,1.5098913310591437
0.24440913177925327,0.7184928250859213,0.5701089764330054,-0.0941073321046827,0.9425013039964014,1.0,1.5624303121195768
1.0,1.0,1.0,0.9463912770897696,0.70905814368746,-0.2770188277999517,-4.772539484455945
-0.7707644371972736,-1.0,0.625616487107572,-0.7896669922057117,-1.0,-1.0,7.34590973579432
1.0,1.0,-0.2958742253374765,0.9524289177724383,0.23093256485802782,0.7499068883441824,0.9986997385681039
1.0,1.0,1.0,0.3698458311256204,0.5775702803108342,0.8005495728681336,-5.712309134916787
0.30954336784137704,1.0,0.3165571975126986,-0.08221735938524966,1.0,-0.815674411660382,0.2762664902865659
-0.34642392254933196,0.3102049648157139,0.10308525326796092,-0.1823278787034952,-1.0,-1.0,-0.48633733989570815
0.7248448853779597,0.9301810600177947,0.1551578969200922,0.6180385675280411,1.0,1.0,2.200361844851296
0.13543352230827588,-1.0,-0.5877373275192648,-1.0,0.19121984402607745,-1.0,4.060611206935006
0.34363304811664463,0.10124462490047126,0.18466706501654384,0.29317857353171173,-1.0,-1.0,3.6370068033488945
1.0,0.4064921751957078,-0.28209005629608175,-0.3256831967940105,-1.0,-0.7346519736258248,4.314117760022363
1.0,0.3102875972460588,0.563876820227335,1.0,0.7845020624889412,-0.02956853535707671,-1.503166039329373
0.014507450074456474,-0.7569917045525251,-1.0,-1.0,0.34753313228005744,-0.9725175461779513,2.41317246656308
-0.09280100234600303,-0.47910988976491153,1.0,-0.0810930191208647,-1.0,0.20277086693904914,-1.1218685253157987
-0.6583586407100375,0.5796276077395155,1.0,1.0,-0.5007079887488519,0.4029406543383848,-3.603680560165829
1.0,0.3952787894528784,1.0,0.4250925683205308,0.378319888880626,0.3289254148689154,-2.312218146147656
-1.0,-1.0,-1.0,-0.008619173624575698,1.0,0.10976447750530333,-4.254088546099314
0.17852930854069538,-0.13208832416230532,-0.8856259748311374,1.0,0.039417951484535974,-0.6691746989612075,-1.1007101666160237
-1.0,-0.9829950014738649,0.1787111003069809,1.0,0.6496092389569632,1.0,2.798679330705829
1.0,0.41609202264031353,0.3327220525789987,-0.03416467039951149,-0.01807543371766429,-0.024176505698565387,-0.19867205121016318
-1.0,-1.0,-1.0,-0.02917764558539726,-0.5802492534481817,-0.0557585404198816,-6.1869484969288004
0.6065192418973158,-0.6655731765349691,-0.8474160357593723,-0.44918185248788606,-1.0,-0.2739325689954124,2.9413937442665157
0.25871149105941676,-0.4365670838889541,0.3983692351564455,-0.6269910013332454,0.22624316694402458,0.5542374112163693,-0.48924365389738295
-0.36083856685011373,-1.0,-0.4741615322364938,0.21075777179467203,0.49975589032208095,-1.0,2.6792862528975507
-0.35681339177258814,0.571031211073701,0.17248297869211954,0.6483533698112206,-0.65845295723417,0.11128729444132163,-0.4210567283025066
-0.674719387211908,0.34760671313867075,-0.02771234528068489,0.18728500933272654,-0.315675901898008,-1.0,2.9908619488262165
-0.3457208515418043,0.31908946558197704,0.09287544334133027,-1.0,-1.0,-0.13715301551309,1.5180256626169026
1.0,-0.8319333876264408,1.0,-0.32421178000277256,-1.0,0.613478540910545,6.195616931648441
-0.7099212054402065,0.32275513371939885,-0.880275090547971,-0.34821734801250137,-1.0,0.2379604737575881,-1.9921282745627689
-0.28225511119598434,-1.0,0.0770589403899522,0.6700026209108587,0.4337935340839487,1.0,3.478555956425503
-0.5729059359953472,0.18802246431616912,0.8450697792619479,0.9468022874877171,-1.0,-0.14240440618401196,-1.5876852563153185
0.9991281727559935,0.684104729569716,0.8100707899463472,-0.4814366046181481,0.15176999707780203,0.5346522138846734,-1.198969669600217
0.5458898807990282,0.3707127958745631,1.0,1.0,0.29201331995203994,-0.9903881445766202,0.9668487174064613
-0.20290153784894127,-0.8823654204764793,-0.8195280219716948,-1.0,0.32182542777425327,-0.26581220805697964,-3.028458986841957
-0.8063576900564218,-0.8464552301002224,1.0,-0.2711695273695807,1.0,0.31950969586446587,0.6105629052528487
-0.45878372279239854,0.24289406938825947,0.04282482467197568,0.25330839636140645,-0.5606333944361228,-0.2513508324786523,-0.3273121405925825
0.014320781167615593,0.09469691229059718,1.0,0.38333166913315353,-0.14984108243515176,1.0,-1.614455380975627
-0.2584672395746591,-0.3598588047841311,0.5423144864240157,0.3067371421130219,0.48197119464926774,1.0,1.9333774371497152
-1.0,-0.4680716640419371,-1.0,-1.0,0.25667970516317273,0.4888320020039931,-1.8544487487356527
-0.2581510067449319,-0.8737858215056563,-0.6401077612616565,0.6443390477082674,-0.7308053239212002,-1.0,-0.2694866885218603
-0.6663899983183836,-1.0,-0.999115081192985,-1.0,-0.2345508985085421,-0.5272032050681235,-3.344101537680835
0.7932700934522989,1.0,1.0,1.0,0.6356152414323541,0.5453041420492413,-6.974714028832689
1.0,0.638775961887565,0.001111994504939276,0.49426068609771057,0.014354189257470007,0.7479156861096179,0.38159307545160526
0.2801668467826392,0.660568731677338,-0.27012427906861497,-0.12322921393452482,1.0,-1.0,0.009628798137227224
-1.0,0.3409915058932651,-1.0,0.23678999473390744,-1.0,-0.01617281644538182,-2.1310250009119986
0.3615931918353248,-0.47043629055398106,0.45741178306357005,0.9900562269013334,0.7524566747191594,0.6732946468784617,-0.11178587212673
-1.0,-0.38849916830523323,-1.0,-0.953907787972607,-0.5021258812692837,0.26307587981007213,-2.604609583922965
-0.03024009920463233,-0.41282628853060627,0.8099422703871477,0.6215194480755302,-1.0,-1.0,1.8328608703486142
-0.09411417973880687,0.16915268791876725,-1.0,-0.3147137557441776,0.2931773693559754,0.04873210116927151,-0.4888422681025189
-0.22688362486832075,0.5832025763793155,-0.8828949190816655,0.6985318323997595,0.9466246657795909,0.18482185852114646,0.5414399908986757
-0.6332065830641305,-0.8754953527693949,-0.6380464903735708,-1.0,0.6555409605434677,0.4254428869616388,-3.0706181905707055
0.942583555527388,0.1020020023916727,-0.14316692096831207,-0.32778882236283235,1.0,0.481252848579376,-2.143870507336698
0.7529757836661614,1.0,-0.5742115560183543,1.0,0.41048064952036917,-0.8198331070407784,1.294875453823814
-1.0,0.3791566128197416,-0.44431188535441857,0.022697761753129653,-1.0,0.2051916624344851,-3.4384619365689626
1.0,0.8208745670810078,0.41778176630728536,1.0,-0.8405329154158255,-0.3887695711406698,5.497483884421789
0.34418227924184797,-0.2880072037792314,0.7303352917831436,-0.8882640176118183,-0.4137298636141028,-0.23734220840541442,1.3706348710637613
1.0,0.11190224977498375,1.0,0.4642773878403701,0.81519636984807,1.0,-5.405789835068128
0.020808877556075855,-1.0,0.33553926266414785,-0.09100900581851179,-0.4332746071673107,-0.009411606781188152,0.9244951388217533
1.0,0.7065739171621782,1.0,0.39928267410875007,-0.9719956268185945,-1.0,6.136776123258822
0.6045574168203652,0.3379293661343681,0.016801504073382545,-0.6442777237509125,0.37959481572609394,0.7784413034302893,0.3317701380972178
0.43901786556620426,-0.21865912921414332,-0.40268776542534485,-0.293996404091864,-0.07653389771162572,1.0,3.614857705528486
0.969250929557778,0.441769199574066,0.8619840052125698,0.32351399047048823,0.0288530061007104,1.0,-1.3739100680791567
-0.40062331669692797,-1.0,-1.0,-1.0,-0.29186739079104285,-0.8706801780786719,1.0198618208375159
-0.6043222835589808,0.5774759635248137,0.16282220151411492,-0.2573720009880649,-0.10987165258889053,0.3286749815910097,-0.5453757688674087
-1.0,-0.3628818101282727,-1.0,-0.9967227496179275,-1.0,-0.5537500590227707,-0.379648260792373
-0.5169185139976364,-0.7500927274418351,1.0,-0.6961840427184622,1.0,0.26305226920841723,-1.0425102620226852
0.822046466945741,0.7460022638743523,0.9843945453957271,-1.0,-0.8654257337970948,1.0,4.540119913295156
0.7915251751039114,1.0,0.13588184237174883,1.0,-0.42710339022785565,-0.614436489856871,4.079783311582423
0.0542681050419139,-0.8356932720386958,-0.10628214772433753,-0.9831232189274739,0.8233926619977383,1.0,1.4286700666147159
-0.5088386649946497,-0.9113660449773364,-0.3132222380769302,-0.4730102973258982,-0.6207204418571504,0.48174543082136023,-0.5030628115698448
0.7944802432504972,-0.9166656259023375,-0.12112892265465525,1.0,0.27510044695453073,-0.3858938287735587,-0.527663869656128
0.53231125373012,-0.42849015909677285,0.5792077199253429,0.08420541753742547,1.0,1.0,-0.2949159521470096
-1.0,-1.0,-1.0,-1.0,-0.245521596316289,0.6080581830138491,-5.91735523917657
0.682679687424938,0.8051010779598453,-0.7846738200502706,-0.7095755257954196,0.4344048159921641,0.9414992546073787,5.175555228669078
-0.701733343158321,0.6389478082469789,0.7680816873626729,-0.1130177732757065,1.0,-0.9591432191890434,2.554661590694598
1.0,1.0,-0.5683784195414023,0.24059766538290064,-0.7736910629381182,1.0,9.609572928827763
0.19627965025248245,-1.0,-0.604354885901883,1.0,-0.33306024242032606,-0.08211898782783317,-0.2642498872624909
-0.6571331366588782,-1.0,-0.7054627353099394,-0.015698630742569275,-0.9830246426995247,0.09437043980349255,-2.439220276055794
0.8130057730162069,-0.3810214082958003,-0.08131297705093704,-0.9228943891650989,1.0,0.4146135920349481,-1.9561506783769722
1.0,0.6025667213916364,0.35733725769037294,1.0,1.0,-0.2632192860940906,-2.1191714092294363
-1.0,-0.49636237455128507,-0.8671931398470382,-1.0,-1.0,-0.9377231916296143,3.004498062906869
-0.7792445225398379,-0.42746726469418356,-1.0,-0.536752964685836,-1.0,-0.4341621099819062,-2.1343724999836153
0.6399655606095335,-0.8034109262167919,1.0,0.029209264513172295,-1.0,-1.0,7.544555909489323
-0.8719800008184952,0.06731306539767057,-1.0,-0.5529329529072236,-0.10027308531588575,-0.1842236527338032,-1.2788294416600068
0.20577124604064023,0.414575186194624,-1.0,0.263566802123363,0.2221313040458535,0.3830144439130704,1.7402320645696185
1.0,1.0,0.9013938944421577,0.4282326410232644,0.3018573389809598,-0.01096779030643008,-2.630425105691697
-0.26674519268695085,-0.35760508800803553,-0.7401609447851598,-0.0156475192484207,0.4311810548589967,0.2258395475995405,-1.0001498874227952
-1.0,-0.9786252073114572,-1.0,0.6338306425361457,-0.5144890926740442,-0.13862654877384806,-6.762141181498871
-1.0,-0.33187947301612253,-0.8796916303925616,-1.0,0.31377954779296346,0.3862145772362151,-0.269773447205658
0.14424692056492183,1.0,0.8676112175859165,0.36946874653664763,1.0,1.0,-0.8652410509571382
0.4171620722992909,-1.0,0.05905810052680471,-0.6521882346843713,0.7906472143701008,0.9763899651957297,-0.2512980679713703
0.7790601129672348,-1.0,-0.6606560317231917,-0.9357715683384347,1.0,1.0,-4.121376841407168
0.7550107279051184,-0.3696580816444427,-0.7890157488828128,0.10699936317449332,-1.0,-0.7490868403429769,4.097454058268436
0.7919940733322337,1.0,0.1610625308633893,1.0,-1.0,-1.0,9.562676146462334
-0.9361360350694972,-0.6965321292558095,-1.0,-1.0,0.25470985537718516,1.0,2.6296138902346136
-1.0,-1.0,-0.5519822684123326,-0.7319517746212651,-0.23816869466489793,1.0,-1.684631664638092
0.3845482621984626,0.2363893852962079,1.0,0.36916138960690104,-1.0,-0.3398122226276833,1.0037398947231777
0.14571322179938373,1.0,0.820534414343566,0.7148474877524749,0.4338436704974612,1.0,-3.0033502895739357
-1.0,-1.0,-0.561719073328224,-0.5027572418088563,0.7763639063052801,0.5373308439640583,-1.0618900551431172
0.45509755743988034,0.8494419138903101,0.16825951215064558,0.11762646776383977,-0.6067274361062076,0.27793521329031384,0.27159532625779237
1.0,0.4221075058472019,1.0,0.9309689481999563,0.3472591340331408,0.6579791180851737,-4.774549370550002
-1.0,-1.0,-0.19675996162735726,0.03919281655579859,-0.05956044834586449,-1.0,3.8166898495216177
-1.0,-1.0,-0.006306133582845819,-0.016048407737099257,1.0,0.9471357951669248,3.7932874800293104
0.3510964457247428,0.5543704071375652,1.0,-0.18822470796968463,0.6672412904699873,-0.07029224468960188,-0.9913784979020068
0.7761445055581422,0.819664169316725,0.8582341155423678,1.0,0.41515527488567483,-0.10077124255349507,-3.3613537835032155
0.8061848712374953,1.0,1.0,-0.45170361162629985,-1.0,-0.7750649703318812,0.4595748815325344
1.0,1.0,0.9528091233185707,0.042282737265171066,0.7148764713516653,0.3048990606669315,-3.370407066885397
0.820377247606414,1.0,0.18946777739387988,1.0,0.3223731792424557,0.9893750200444171,1.4446148742176848
0.1014738322028766,0.609508668895191,-0.3317365284253345,1.0,-0.07923868334928508,0.25198097962443616,-0.5341082613742476
-1.0,1.0,0.9904051242129527,-0.7839373325886675,1.0,0.11455258219832465,-3.9136440187097716
1.0,-0.23407804953680214,0.854682704640441,1.0,-0.6245103882506917,0.7368356792362682,2.1055056358193616
0.5502448574529817,0.8252632146540206,0.4319562049184189,1.0,-0.4811990670194889,-0.8795440604981243,4.2993421137426555
-0.27630607418092357,-0.830194095788077,-0.8482019839239514,-1.0,-0.6486351776252048,1.0,4.274508806605272
0.3342444598497649,-1.0,-0.2754972500736552,-1.0,0.7368054207794447,1.0,-1.2230138538486708
0.23684544112757266,0.10434295429735643,0.4504314767480039,-0.8152681329439178,0.29919413267862915,0.29495895455558097,0.3202967607366435
0.7101770957404128,-0.9808974830239552,-0.27208461340671314,-0.10446731051336733,-0.7764709224640837,0.7775750866931281,2.428945995052642
1.0,0.8102640630202071,0.6598506958006252,1.0,1.0,1.0,-3.8040520055676543
0.83295965850428,1.0,0.39399284519044353,0.47552181445507635,0.6344357480247486,0.5102623204660997,-2.704037311918912
0.32461153299230494,0.2532508490127816,1.0,0.7168314560290989,0.019571409375863602,0.5540891676643993,-1.793313854536257
-0.1550144335542883,-0.3378825805895287,-0.26600260867376313,-0.45127018848103706,-0.5019132834287703,0.700884850505124,1.066832309637513
-1.0,-1.0,-0.9336916947941962,-0.9569857121986711,-0.5572149182638123,-1.0,3.4750469634466428
-1.0,-1.0,-0.6607688666928853,0.09860697875743797,-0.25050398557029974,-1.0,1.8316700236722
0.7685174497997445,1.0,0.5998981185366028,1.0,-1.0,-0.9189261418378715,7.959143846080688
-0.9004945491810148,0.36649649782101557,-0.7286868589683511,-0.9444416890351013,-1.0,-1.0,-0.9349461623868123
-1.0,-1.0,-1.0,-0.5087543237048603,0.1645800290060686,1.0,0.9056124547251101
-1.0,-1.0,-0.7196776081973331,-1.0,-0.9579759968558844,-1.0,4.123902852523934
-0.7095768703181043,0.14720224088594036,0.402066864431325,-0.013096686973129934,-0.9067816301106834,-1.0,0.45190807402489863
-0.8039024893487897,-0.9743101708981882,-0.126413716715858,0.17663618817556423,-1.0,-0.6287468335566948,-0.8402776286253195
0.4805489495228916,1.0,1.0,1.0,0.39283830929009844,0.4689201995454945,-5.8492335871204615
-0.34960210989262563,-1.0,-1.0,-1.0,-0.1609149299325321,-0.6227511761287325,-1.413403798366592
-0.62462016298053,-1.0,0.32997346787556714,-0.41848590614116277,-1.0,0.42169411988801003,0.2449642990959307
0.15278160644756922,0.3082489671853927,1.0,0.2686634657218636,0.36287823247815554,0.26683976697614975,-0.13208137590596725
0.9253953409896757,0.6154098276062194,-0.325752042913094,1.0,-0.791736545372559,-0.5099594318132556,4.567364503747207
-1.0,-0.29565407879696504,-0.08043776777422096,-1.0,0.33711684333883407,0.5997619998626039,0.29898196153981893
1.0,0.17550660335018253,-0.057914838827699766,0.06160554514466149,0.9125486010783482,-0.996511388933836,0.49342649625653834
-0.2515555785090575,-0.11830486658704914,-0.21586882882998276,0.16946676217544554,0.6402042195393411,1.0,4.710633812589053
-0.8642040081501727,-1.0,-0.2453227553812845,0.5889954200812364,0.34330680522957246,-0.018556970389172745,0.24566239515055688
1.0,0.7854705905323753,1.0,0.20154059740811392,-0.945869892531225,-0.6179796189146218,5.172280969320879
1.0,0.5635606526199568,-0.47893435488834984,-0.5057000623186353,-1.0,-0.3258940500705927,4.2663583512959375
-0.7697683786679123,-1.0,-1.0,-1.0,-1.0,0.34146411117832776,-1.13045113264072
0.6623966328801495,-0.8648638078289483,0.0852078361933811,0.5214865401117058,-1.0,0.301027520736314,2.9485482059057038
-0.2194068205243851,-0.4109865284369154,-1.0,-0.6111361362606471,-0.21081490648807125,0.7391023538016483,1.9899543873806473
-0.2693575357435154,-0.457781547580171,-0.03976303384747537,1.0,-1.0,-1.0,1.9008374234653305
0.676132935640122,0.2309341001738166,-0.215802118366562,-0.03973601466683416,-1.0,-0.3258599872045924,2.478125826452522
-0.29336220333548274,1.0,0.6414389846616186,0.6569639228785472,0.1535818963601101,-0.3615102567549391,-1.7153274067807947
-1.0,-1.0,-0.06340004379882669,-0.10348833085600029,-0.8573414290835901,-1.0,2.462170176653289
1.0,-0.5799792587313051,0.2206092621935623,-0.584821209057127,-1.0,-0.7074378789624542,8.103249916840042
0.03892959200394064,0.3402652449724495,1.0,1.0,-0.9570461993407738,0.09279142489532785,-1.7236051078292123
1.0,-0.1307449858441882,1.0,-0.7945091806110558,-0.7289011106932894,-0.2552584576643254,3.670461682885623
0.3553311062051416,0.7716061892355546,-0.16573701678091862,-0.9457907883544907,0.9500360480096681,0.07933340192130522,1.3862630437769383
-0.48920634204275726,-0.2319048178879008,0.14740831127578813,1.0,0.44197597739201094,0.07288305949593143,0.8324961498531035
-0.5075162249666072,-0.9726189675716841,-1.0,-0.1787473737366272,1.0,1.0,5.824546594464544
1.0,0.7024380636802137,1.0,1.0,-0.5847849968911888,0.7553068353752611,-0.30671078378508226
0.424148517692191,0.29772998549241253,0.12701944661144166,-0.2984050082828099,-0.7662095498192159,-0.763303779891497,2.413395442942865
0.2545171410453405,-0.7503730104174333,0.2219281552201662,-1.0,-0.7970409998126156,0.29928172898579924,3.985689567030472
-1.0,-0.7977813673442703,0.15953086385359583,-0.5185175955212382,-1.0,1.0,-1.5514959846730894
0.9164643561822947,1.0,1.0,0.8767763672288149,-1.0,-1.0,7.692638379233966
0.6836843706118665,1.0,-0.5399353251338007,-0.9983741020632638,0.21999216616332226,1.0,8.365207005858544
1.0,1.0,0.6547230820161233,-0.6654808616853248,-1.0,-0.5772955750316482,3.784896908965249
-1.0,-1.0,-0.8293940902672292,-1.0,-1.0,-1.0,5.1349801988883526
0.911455124997326,0.2407467870352622,0.41556277106120576,1.0,0.28897401269888534,0.47667081410892864,-0.33503316341737255
1.0,-0.2189826684114109,0.5316653134746568,1.0,1.0,0.18549723720443345,-4.6120751229145
0.7455491989098708,1.0,0.536602378686516,1.0,0.05877943371368277,-0.8406326023094296,3.09498766927327
-1.0,-1.0,-0.6875044344421759,-1.0,-0.9336087326265501,0.04965047747578849,-1.9633823386303595
-0.12706588434967936,0.6922904960443724,0.06641284756958676,0.6926583413144721,-0.5745930072694148,-0.6213403231753245,1.2563866143232685
-1.0,-0.49841367524551905,-1.0,-1.0,-1.0,-1.0,2.7090457284677605
-0.13125276402750274,-0.6452036134890587,-0.32335015195091554,-0.6101894720986286,0.43761473379262683,0.9648331613239223,1.4781356969375383
0.3249210259914783,1.0,1.0,-0.1394290140636132,0.05205511395519272,-1.0,-1.2552938835474878
-0.6382325147206258,0.2489967178192677,-0.8873345346781751,-1.0,1.0,0.17008137829752012,2.7411941970291713
-0.6849919222626422,-0.3210953926155774,0.43726493240039205,0.5491265083593948,-1.0,-1.0,0.26637335507855
0.2868669056179584,-0.7115083370500621,-0.8942508094454166,0.04943031745540194,1.0,0.905501449487782,2.0905241114655504
-0.20312742220869207,1.0,0.7327135707976742,0.19085182490911645,0.9393689698365572,1.0,1.8892844846105308
0.02868010517194919,1.0,0.6175759751623858,0.7935344121536612,-0.12205136434456376,-0.5089483596321309,-1.0351808958266036
0.04709469547434386,1.0,0.36138950817191706,0.8501089427094783,1.0,-0.5131922800545338,0.08873982168644978
-0.46186600899154584,-0.9230942118581027,-1.0,-1.0,1.0,1.0,0.6061500638159516
-0.1040783911016121,-0.3603984614352142,0.9727043005372162,1.0,0.27484945271315947,0.12877544405885583,-1.4635030823382178
1.0,1.0,0.14320474800933214,0.5624842073220269,-1.0,-0.301513753298569,4.580899594388897
-0.23429610853693272,1.0,-0.9736306638452354,0.5061297063059969,0.23232572678977648,0.8442614475012127,7.449798594990194
-0.12548758772250332,0.9934433893748895,-1.0,-0.0835435189337359,-0.5475823368384669,-0.6801585779539563,2.232410434051207
-1.0,-0.08750951867837709,-1.0,-0.7720585793985417,0.9850810723368603,0.36490246123435277,0.06403978233030458
0.9864717804621684,1.0,1.0,1.0,0.6914595036609046,1.0,-8.853587348530292
-0.38604561422232553,-0.8645340466727455,-0.08644720901685576,-0.18110460315071608,-0.5920934713884997,-1.0,2.913956766566507
0.17107928848515253,-0.48526208649728986,0.46954165106927603,0.15549725376057716,-1.0,-1.0,4.436106384633242
-0.5504976511344506,-0.9510291818319733,-0.42855696139659394,-0.48880066246265597,0.0353743209577501,0.7523215477216498,-1.1938192935994267
0.13250155903594296,0.25564785688139957,0.28840868506991657,0.6100343080348101,0.5638348697494049,0.04952529500345748,0.5889418195435052
0.2784611372660999,-0.6900361835064741,0.28304272985401147,-0.7735286117287001,-0.43595372273638133,-0.23233684856821135,1.0594407205210077
0.1513751176193845,0.7521963879854854,1.0,1.0,0.10933962519303397,1.0,-3.7309392366475755
-0.2166173687073588,0.5727122201560593,0.7426835657950874,-0.2494039326476098,-0.38485486274274905,0.08967792859792167,-0.8921417620143401
0.6889458090493362,1.0,-0.9041298734548086,-0.005738957935623512,0.6904899258355339,0.8496085028700286,5.5280150562419905
0.46890456650572787,0.31080590532693386,0.4524430445378975,1.0,-1.0,-0.8605915897456273,4.731308359789935
-0.07184045714185966,1.0,0.6997682672281574,0.08139654371139549,-0.7698452676804752,-1.0,-1.0926838793901248
1.0,-0.6731632633154352,0.7614995212498485,1.0,-1.0,-0.6881778909140764,9.441794921721522
0.9412042433557408,0.5796974032048038,0.4355139167675409,0.8724620638905769,0.030630132523560727,0.9076605684456754,0.9571489167672694
-0.747759228903821,1.0,0.08113143357309577,0.44388922716815143,0.39002482976724284,1.0,2.6068542112637685
1.0,1.0,1.0,1.0,0.2755792589790873,1.0,-7.841745530888366
-1.0,-1.0,-0.5294015313577523,-0.3708654655710961,0.27370840279456166,0.9536440670123212,-0.15360504172709438
1.0,-0.23883478685577275,-0.7605023469021668,0.565418966042503,-0.4066878334707795,-0.4104380901131697,0.6721020490701615
-1.0,-0.8270991338374125,-1.0,-0.12489111983817258,-0.04192230155899135,-1.0,5.016203709981757
0.5567583916122454,0.4888183954857894,1.0,0.23273274432020585,0.2207103413434952,1.0,-1.8471287204605729
1.0,0.729903688293121,1.0,0.41066608723585674,1.0,1.0,-6.4699511435978785
-0.021783372302528248,-0.3664657798305135,-0.126162954304598,-0.014318756451703663,1.0,0.8862669015107294,1.8905922185746766
-1.0,-0.7397136735085958,-0.5860426035689043,-0.16066928114199153,0.30900009991667843,-1.0,5.112065395242232
0.5672672792185457,0.7831238441240802,0.6896505133966262,0.6833878058470655,-1.0,-1.0,4.2474984488261
0.8833221132249625,0.7542081532777962,0.06578540187135945,-0.28606340690991694,0.1382437205810143,-1.0,2.438008638970058
-0.39147681480291974,-0.9263102385577984,-1.0,-1.0,-0.31033258771074657,-1.0,3.5650562173282205
1.0,0.2516585732788694,0.9616760775034943,0.5980035113796509,1.0,-0.23852806649703184,-2.98267966124187
1.0,0.8882767656060379,1.0,0.8427533998341057,-0.04929421986311233,0.09850510045948514,-3.319797717766852
0.16637405786938508,-0.593762613672256,-1.0,0.9999275763573983,-0.716883967913433,-0.18731030361931525,-2.11244714095694
-0.1937851000543142,0.8690918151237448,-0.04416093917091429,0.009237967236260303,0.5337696231488169,0.8909225967006216,3.553416991778931
0.006225042751951404,-0.019245921077827077,-1.0,-1.0,-1.0,0.9129253241990654,7.021198037548066
-0.501103907261307,-0.14825925979896537,-0.33084399151830873,-0.8758573760392537,-1.0,-1.0,0.8758617131415387
0.6881087428742849,-0.5954405921761138,-0.8968303535735238,0.9487861301592766,-1.0,-0.13215307793839481,1.4040624401333037
-0.07578671272434456,-0.16543142368976982,-0.9625208798397047,-0.42721528538515874,0.4301755102017236,1.0,6.736331981494328
0.8732070190076289,1.0,0.8470856912454154,0.056942201290600236,-1.0,-0.06423754321598119,1.034272591459713
-1.0,-1.0,0.1045202647350636,-0.5725900911975615,-0.22865653191019408,-0.3696869420915838,1.4834901349753127
-0.6952400324063974,1.0,-1.0,-1.0,1.0,1.0,15.630060318436493
-0.09733091011006895,-0.3538081096824992,-0.583119737591759,0.4565318811668072,-0.1926617465030833,-0.7265410525145757,0.617092937091343
0.23427871031111003,0.7360886199753032,-0.08281950886339978,-1.0,-0.8662536659431128,-0.289150204915124,3.633348773320315
0.16177968607062565,-1.0,-1.0,-0.70324397188323,-1.0,-0.014136296993095376,0.7311328011636322
-0.007890185660654692,-0.006845425203755251,1.0,0.2627498008134631,0.2411857775561121,-0.07572354607243725,-0.24983406330092714
0.40488013895064223,-0.08418351430540894,-0.628728380737027,0.948914789133611,1.0,0.22034038965576805,-0.6314698920832409
1.0,1.0,0.4433231219959237,-0.665004846062543,0.640447637096418,-0.5841514601901885,-1.934482373084533
1.0,0.973101056916092,1.0,0.626225110427475,-0.3293649778320367,-0.16896338744142037,0.12521556421332805
0.17854602267703948,0.46450495028510463,0.5164734283434319,0.9614687424537656,0.4127308934532872,1.0,0.18462435436387725
-1.0,-1.0,-0.23275092032519312,0.05658737907163802,-0.692058160443122,-0.24480577346539278,-2.100811284502132
0.9291366549263119,-0.6974048543744324,0.2864560393757627,-0.40885746200403156,-1.0,-0.18027601203515609,4.755521841619939
-0.002627036783179687,-0.6496053722121604,0.1563720463928806,-0.5798366375357911,-1.0,-0.7781948719473482,3.9147196288601376
0.58472841863346,0.7616731700502586,0.07032576289764575,0.3250393312966665,-1.0,-1.0,4.212388217560032
-0.6262912087052889,0.18459127412527188,-0.8571081751815016,-0.5372916413386195,-0.211792759138125,-1.0,2.879351567858011
0.04457280950460153,-0.8137480193494706,1.0,-0.7273395340033801,-1.0,-0.1924207521278008,3.866603057199979
1.0,-0.7726118468241292,-0.4185353241911341,-0.6849237021728285,1.0,1.0,-3.3793955859351983
-0.9579291850852606,1.0,-0.37294681375778094,-0.4717295630696743,-0.5896100729618343,-0.343041495215306,-0.6518066359542303
0.5456708911149231,-0.31651481704560347,-1.0,-1.0,0.6238290292291829,0.01800395516206421,-1.5292634991959355
-1.0,-1.0,-0.121581804350124,-0.5775103707794464,-0.0049148765251202375,-0.9953787116638104,4.991625074508819
-0.47658094591773037,-0.08236171819287177,-0.08504412007469908,-0.22069968500449888,-0.26777382826775914,-0.7579419660198708,-0.5968242468850935
0.24206711003940473,1.0,0.11420127127013124,1.0,0.9770846300422324,1.0,2.710978848393599
-0.3630396736737741,0.3677911286729678,-0.4560160331546006,0.4615525084842398,-0.2360517456162866,0.382704087866675,-0.019935923683506662
-0.009289242678128362,-0.18858637059220573,-0.8618998016360339,-0.4488836041591924,-0.03793310399817518,-0.7264242754505326,-0.2515724277369876
-0.061583276198657944,0.4110604009405494,-0.6290403777328635,0.5237521004230944,0.03735176327489159,-0.16156180190009184,0.602469724285603
-0.06517987110348966,-1.0,-0.06968982062006335,-0.08379045329916535,-0.6985355436801812,-0.7675957978978434,2.5167375152918954
0.2432219368035397,-0.4019267301609064,-0.3424718959273336,-1.0,-1.0,0.741333749634153,5.4136440701946835
-0.3772780048521823,0.05475997574630537,-0.3714278452259727,-1.0,0.021998129455298443,-0.00491610497251177,-0.6544162975784994
0.6823102226589018,0.28468640072905205,-0.19270639883767637,-0.716476731514447,-0.7872354588829404,1.0,7.000742442533631
1.0,-0.021745533893108016,-0.9744231556679561,-0.5579693036397442,1.0,0.5046981128173054,-3.8812811948290395
0.9591534619591866,0.3934074426449423,0.9504915046092866,0.004240936395736972,-0.210048136271621,1.0,0.13793669746051568
-0.7998064381499288,-0.4075752867471969,-0.7641767877535435,-0.5468126603349335,-1.0,-0.3890169679915414,-1.6563073914787418
0.5469860610135896,0.44549732733979636,0.8033428201392608,-0.5214076127743246,-0.4225487304231051,-0.7912405145347308,1.117816023638458
-0.856737585406673,0.9231539934660236,-0.8225822324000422,-0.31244966087246673,-1.0,-0.5654110342553218,-1.1950147980740704
-0.2181816388263645,-0.581657157573324,1.0,-0.8676282174250742,-0.9020630948182755,0.9240782240742137,-2.052277585802333
0.05351490602866919,0.5011907977702175,0.20446764910296683,-0.2158745506914459,0.3935026520716681,1.0,2.7119072100306383
-0.4193231977899989,0.03279859426096576,-0.5099392653771044,-0.1759491824759598,-0.4891610969806035,-1.0,2.3391617980959256
-1.0,-0.04909870052239074,-1.0,-1.0,-0.04555429238311775,-0.6485025812221877,0.8685902941866731
-0.1657065233364498,0.022639768659228204,1.0,0.23865767555177791,0.2583294488768275,1.0,-0.6301351835897904
-1.0,-0.2855950950245222,-1.0,0.3314085575605998,1.0,1.0,8.500050616393295
-0.7014962613034557,-0.13061310051081043,-0.6078277118072981,-1.0,1.0,0.4350416121912039,2.8114162052479865
-0.08378305899289751,0.4778779122249512,-0.7276700837576664,-1.0,1.0,1.0,8.94636697627067
-0.24954539764094005,0.1845331578559345,0.3829194743812152,-0.5782939946806793,0.7767990852860907,1.0,2.3398671563535
-1.0,-0.8407435050483306,-0.1765811143674358,-0.716106264542328,0.9508769151498472,-0.10314449288543631,2.264769410596413
-0.4550106645635644,-0.09968388496154282,-0.05091532590545156,-0.9099013682679248,-1.0,-1.0,1.768649034446713
0.06780613001769242,0.344546800995849,1.0,0.3435678171532679,0.4319955413296329,0.5102081611217111,-1.1343394322762244
-0.18999065838196127,0.1371103269169508,-0.5825086426903776,0.40154287603572714,-0.28971706436468053,-1.0,2.277616880951104
0.64053804820116,0.4416327845504077,-0.07379591480493153,1.0,0.28092864256038713,0.3799173821067601,0.11738346701872432
-0.9773942417685245,-0.6722371449509036,-0.8412491173815483,0.1064352907351791,-0.9675960050244734,-1.0,0.17629006793458163
-0.20897949628420287,0.025021208279465107,-0.03642154100158157,0.12537737252221282,0.07737994480015808,-0.13563706994935965,-0.31171413799653375
1.0,-0.43310287901467426,-0.5087782217476093,1.0,1.0,1.0,1.525960802981388
0.5773849836282738,0.19057796167502072,1.0,1.0,-0.3747852577165297,-0.5728436654298446,1.1247183786082375
0.43506085690771124,1.0,1.0,0.7481992468906955,0.6468391558502815,0.1609908750818767,-4.739177925559247
1.0,0.8116707165959163,-0.12853985484510622,0.8925262030241505,-0.5056318879708401,-1.0,8.185224973735055
1.0,1.0,-0.8362013406599721,1.0,-0.5357865990262223,1.0,9.043639383524273
1.0,0.15880195767516064,0.7729010740222677,0.6661656109045543,-0.6547747188432814,-0.3749785179487386,2.8104033045994177
0.8811303555693976,-0.7152902246186077,-0.7189324661578396,-1.0,-1.0,-1.0,9.917830869429219
-0.667940227377773,-1.0,0.7792441773372297,0.5442450012891638,0.6439391221270512,-0.10554724047418873,2.708089101704486
1.0,0.03423058465251838,1.0,0.6025698590419272,-0.629671175786845,-1.0,7.253286582532921
0.6133918110047678,1.0,1.0,0.4301757702986846,0.5738457650978579,0.33348009036135573,-4.374423028799259
-1.0,-1.0,0.7413358061953502,-0.12467650880587478,-0.8693440006845731,0.6424476647393368,-2.6304943200090043
-0.4490305489507326,0.014471601640900555,-1.0,-1.0,-1.0,0.8513322396739272,4.475180729113856
0.6184483946956449,0.6062904196563381,0.6980698970402237,0.5841338524168826,1.0,1.0,-0.3894623286911956
0.03478610382476387,0.1842901521171997,-0.6597218537022831,-0.8905327044925538,-0.31620129406385555,1.0,5.661209834248652
-0.3325694400324234,-1.0,-1.0,0.29528663287153134,0.5773507243253069,1.0,4.290548037932434
-1.0,-1.0,-1.0,-0.5025459140725641,1.0,-0.26931956445472816,-5.540994499463276
-0.8027939024128452,-0.5360935539685758,-1.0,-1.0,0.4322596615616323,0.7534341014325143,0.20134503312709873
-1.0,-1.0,0.5652811911542845,-1.0,-0.48491449895943806,0.29571161492575726,-1.5784423184882654
-0.7350926793804017,0.8458505313707171,0.08760654146954677,-0.0663727995200648,-0.04832923010427548,-0.1073480139804941,-0.3447104484039745
0.09663115072397144,0.041900533180126986,-0.03994912687591651,0.01839491118713915,1.0,1.0,3.7786279392327016
0.5613540863320141,1.0,0.8069554238998178,1.0,0.8628962629565426,0.8928000476208989,-5.508928917815193
-1.0,-1.0,0.07583321527765507,-0.6188553495218021,-1.0,-0.5130973817859873,2.3749278602560944
0.27400452813009346,0.6514958094040662,-0.7546576589616817,-0.5861938068385419,1.0,1.0,6.910822961469535
-0.48786064377078053,-0.96044969316335,0.07092519578962883,0.45465526276134366,-1.0,-0.37050585907681555,-0.07940533637834413
-0.3535068916186537,-1.0,-1.0,-1.0,-0.5604805459310724,-0.9624285717462293,3.9461446334916257
0.9571922289063197,0.4329388887601445,1.0,0.8221036515248552,-0.4198577745568858,-0.5799052477454029,3.063815414259097
-0.6660336901145489,-1.0,-1.0,-1.0,0.4160015203467615,-0.1372455720814041,-5.548642385269736
-0.8264071044359091,-1.0,-0.23137318276297614,-0.1435843625466342,-1.0,-1.0,0.3322305331586528
-0.7129284636934248,0.9891750257936036,-0.8535527100816878,0.12352688646381893,0.5344164709968364,1.0,12.288274000514129
0.6939548799465962,1.0,0.5241511726868309,1.0,0.15219598528465866,-0.42950705502619585,0.3244685850663097
1.0,0.345937521197556,-0.4495763406994981,-0.36453244717810873,1.0,1.0,0.34362972992678276
-0.4242684059974233,-0.985748303827066,-1.0,0.49747644690130804,-0.8474775350910853,-0.03272856465124041,-4.847491243453738
-1.0,-0.33642048470313235,-0.15121647327844157,-0.6871247648149337,-1.0,0.26754366309068645,-2.0915937168409737
-0.06796536907128736,-0.07485219095374979,1.0,0.623011426416245,-1.0,-0.7160052102227308,-0.15792853421790298
-1.0,-1.0,-0.5483290312092126,0.4778830472137848,0.39491078930845286,0.05401392952259701,-1.662288810374469
-1.0,-0.7510376732274326,-0.1907448287705935,-1.0,-0.5758831018744192,0.28567338107279827,-1.8620192511870979
-0.018601379015151798,-0.5381984875641583,-0.5566128976036777,-0.45428930621070673,-1.0,-1.0,2.832299311104556
-0.6000699905861644,-0.2732221444229481,-0.11930173682222442,-0.5065431382286941,-0.5756256504919279,-1.0,2.1330669038283707
-1.0,-0.3912602283039315,-1.0,-1.0,-0.9635311151185868,-0.68332328502109,0.641730751539327
0.15506014581340144,-0.8999038119777031,0.8714219830184228,-1.0,-0.1532551840387893,-0.14056979923408175,1.386893429240956
-0.9782756395350789,-0.3517039720359755,-0.22921353980270642,-1.0,-0.9740080910779837,-0.7233546746509762,0.9546212994366907
-0.8561655889458464,-0.5781903212516317,-0.1672557989838077,-0.5257345829136608,1.0,-0.1922127024563659,2.9568809355830927
0.9462361675269492,0.7613561939372926,-0.3221220238062559,0.12257619965758504,-0.8428027392032568,-1.0,4.777160261671469
-0.6207141462237731,-0.072838570185073,0.07772312068419052,-0.14308023788806862,-1.0,-0.2587861391978221,-0.2631106263550762
0.010923559672570304,0.6818339366752258,-0.1765910409191811,0.45945623586226264,1.0,0.01659644826604212,1.2962933500058562
-0.9016250606335994,-0.5741133751936062,1.0,-0.46621985312905534,-0.2266319312419398,-1.0,3.789828435137857
0.9287484781418054,0.2536850401300079,1.0,-0.6873269062489555,0.030126774977608517,-1.0,2.1272230730756774
-0.04499134294902252,0.33641111235997306,-0.4103388562491191,0.1120657316113347,1.0,0.26728450306787754,1.4440453156844453
-1.0,-0.28569522540821607,-0.37510197160239556,-0.29176803955900366,1.0,-0.1627753028059589,2.487832289155773
0.1450433676143802,1.0,1.0,0.9078428201926917,-0.2522173049248167,0.8970997859697305,-4.684285484560007
-0.32461639968864486,0.608390454457282,0.7273285911870988,-1.0,-0.5242115038295239,-0.8415273150855711,-0.18653183194123313
-0.565371306557792,-0.7480318974829998,-0.9448346758315742,-0.8469156828933524,-0.8428479344548292,0.43537392182790036,-1.4028449317291787
-0.6844596053643699,-0.029984246443897522,-0.23409613792683448,0.6064415670841697,-0.45626172086484074,0.23654541592795808,-0.977112063289785
-0.9214151991390097,-0.878603308751057,1.0,0.6478008920123824,-0.44458393653783446,1.0,-2.037376380803842
0.47668870993628665,-0.04396402028918517,0.7592085931162048,0.21828465768739613,-0.5139780337800938,-0.6840027271944487,3.2988013586490355
0.5648294412538247,0.8729127312106879,0.050741470976433556,-0.5234614056045781,-0.3427284299851233,-1.0,2.5451653645106322
-0.010524225740086046,0.1783418821348947,-0.6618811531578949,0.5626638175653216,-0.15564704404424634,-0.3371117634817621,0.276535070311176
0.3223639275083437,-0.8479584491414276,-0.3132467410850401,-1.0,-0.16556327401472876,-1.0,4.937335290447924
0.5866803639715543,0.7844090291859467,-1.0,-1.0,-0.07509948857422796,-0.40190608200687605,-1.2713793864639495
-0.45174694632679957,-1.0,-0.9274565449456187,-1.0,-1.0,-1.0,5.0900612943492565
1.0,-1.0,-0.05413754498800352,-0.49215843466454007,1.0,-1.0,3.0593811989128
0.6649241212729048,0.12664060885110673,-0.3064453269718288,0.051095949450024825,-1.0,-0.4951186129583071,1.8228214360732289
0.6191549711647373,-0.16830351021080536,-0.32052750302953426,-0.4820478605934657,0.3798373625169773,-0.04826496515007783,-0.8865490926371753
-0.44844256708489116,-0.7650421788812451,-0.2821377201298213,-0.9201077204411261,-0.45189719340085266,0.14498678020797354,-0.19797755732455613
1.0,0.4783834347454575,1.0,1.0,-1.0,0.1323257421962688,3.713342598861562
1.0,0.16106673006047534,0.23209085021261688,-0.05161900073358505,0.24982584142489908,1.0,2.2314637046281254
-0.6397022363027562,0.940023577491688,1.0,-0.8273840194272467,-0.3508299881330297,-0.011123378334771505,-3.6213559180425583
-0.32974262216431105,-1.0,0.02283967414444721,-0.6599712660640797,-1.0,-0.6809214472879077,4.5863078946897184
1.0,0.33272104316286055,0.7113541032373756,0.029462196609755242,1.0,-0.6389175336909939,-2.0780251881114893
-0.9726210017656425,-0.37682900931484486,-1.0,-0.1174639037994254,-0.45787146906915366,-1.0,4.897874921790647
1.0,0.8170621939786382,0.6930579663061166,-0.13035409256710007,0.11148658895190178,0.7308481861092575,-1.9742623311801317
-0.784581699116623,1.0,1.0,0.6238437881168184,-0.5671846264112064,-1.0,-0.6681114085465655
-0.1272641599588339,0.06231967793797022,-0.21314721491688188,0.3143126942190798,-1.0,-1.0,1.1422137555863559
-0.26266781531284844,0.6111528082569284,0.13645501265249507,-0.1106704535670116,0.7645928420265349,1.0,4.501755382749307
1.0,1.0,1.0,1.0,-0.9660992663302722,0.12421128163122175,3.4209758511336052
-1.0,-1.0,-0.44832491432982646,-1.0,1.0,0.025178783300444763,-1.6110059647918225
-0.5225943415739829,-0.5629786925411453,-0.2967833341685744,0.8990371431835167,-0.6292638079443926,-0.8928160338619984,0.6764097643377762
-1.0,-1.0,-1.0,-0.059310859291806795,-0.5487847419874262,0.2962789774500143,-5.476191640143337
0.006000958108850707,-0.7949475232928309,-1.0,-1.0,-1.0,-0.0660506194699611,0.5179106443849206
0.11334749035905511,0.9266943223337952,0.7540110998830997,0.03655337535324943,0.8117511563548891,-0.32654472565179693,-1.8800774657700672
-0.7923877977997124,1.0,-0.184502246388839,0.18256956709745698,-1.0,-0.7634666736083935,-1.3930032724586372
-0.7448837619445201,-1.0,-0.5519661128655748,0.17869103549805043,-0.4798603365234402,-1.0,0.6428723558013933
-0.7360445201717432,-1.0,-1.0,-0.3681288577570313,-0.9929620046460834,-1.0,1.5015837157317793
-0.13351993367489445,-0.10081597895561634,0.5822201427192604,0.8638535532231582,-1.0,0.39343115995114686,-0.4534195766209636
-0.16954229921268293,1.0,-0.0702363945129178,0.8908196342370456,-0.49841479782565057,-1.0,4.475841104622276
0.18666611576021186,-1.0,0.38149154678540187,-1.0,1.0,1.0,-1.3526005759439417
-0.20407739575105732,-0.8830068384554858,-1.0,0.5629085240112978,0.35630811043274746,0.8970044723780052,3.341873123556415
0.7611617931704457,0.8560839731384455,0.2948744901077802,1.0,0.837993295227476,0.03663039582458877,-1.8966572483204913
-1.0,-0.16148155102619888,-0.5699240252934121,-0.8612521577285943,0.5858800913823603,-0.30255048090179887,0.7668669058430514
0.590460637395035,0.43624747626661564,1.0,1.0,-0.5813446197618198,-0.18632321364469662,0.6929754341417333
-0.2713582384771021,1.0,0.6104134905162593,0.5153170298964587,1.0,1.0,1.9609729798360063
1.0,-0.7743960679610397,1.0,0.4818130259839819,-0.942405480129223,-1.0,10.012170354502972
0.6013083775895893,-0.17277415597147106,0.44525200073247717,-0.46913618113315714,-0.5781764092109984,1.0,3.826755942327298
-0.1971044593450973,0.7129981551839707,0.5913891973393531,-0.13663209527040995,0.7180351347224407,0.37341678268875145,0.07155626577005858
-0.8613811414567885,-0.1254338467452798,-1.0,-0.7906272222858285,-1.0,-1.0,0.9139764822822117
-0.17035093795207612,-0.6105612518620872,0.2346119192505548,0.7770569666191676,0.47124423486041056,0.5507896322915364,1.2168523241175875
-0.9459164070452232,-0.3465512016150546,-0.6997785084163318,-0.34596588720409055,-0.7010927518914305,0.28941673760555964,-2.403454036507885
-0.7796108827989735,1.0,-1.0,0.39006580354744624,-0.0640643546236514,-0.010914937902515631,2.626904222225506
-0.19215412228582196,0.8365755686617251,-1.0,-0.09079387620680157,0.44641395693144736,1.0,10.983651612200072
-0.5766632510073344,-0.30867709391735243,-0.5500754127395141,-1.0,1.0,-0.8411966630823713,5.112189235211503
0.8483801656143097,-0.5979094004532881,0.10443351831631298,-0.6556398806621163,1.0,0.2923814042833781,-2.578205808926828
-0.3689246415918068,-1.0,-0.718040674334701,-1.0,-0.30918781353445757,0.9278984675219468,-0.23310599873764098
-1.0,-1.0,-0.8364904745718704,-0.9363154593845382,-0.3042267387956825,-0.1150707360496841,-4.2499554999485945
0.6218048060474656,0.6923503461888938,0.8717129776862885,0.89631931007822,-0.21387567422542575,-0.22102965855873502,0.6934959011866042
-0.198454872938991,0.6728651199871611,-1.0,-0.6180454512927673,-0.04459424387453037,0.5241739326109707,3.1838721411961997
-0.6137918103174129,0.7961756938033492,-0.3224398681339128,0.35193897880038294,-1.0,-1.0,-0.3698201442502518
-0.7514501475092235,-1.0,-0.28195597603154743,-1.0,-0.6388642014402085,-0.7303415299528211,3.4228517728718724
1.0,0.8407510267987299,1.0,0.20867950446158834,-0.525058993410202,0.3173886294997289,0.35935279518562735
1.0,0.5521942048416102,0.4874396265474916,0.28160050919126145,-1.0,-0.3303689160685024,4.025851668553607
0.18758833558757837,0.09558139025531465,0.399011165173247,0.7214257415307388,-0.9078818074414514,-0.10888596668094143,0.4402445145587473
0.5087851321482408,-0.3292322370042032,-0.46919496934725974,0.28444215613258017,-0.2530891640372832,1.0,3.537622634754594
-1.0,-0.18572522899745014,-0.9776611662975992,-0.10318371201920284,0.0028388452599471536,-0.3196871306760692,-1.0106646001955872
1.0,0.07674954493251573,1.0,0.34467568628467316,0.6483178014860025,-1.0,-0.5382686122880493
-0.25470038262766015,-0.27172721348655404,-1.0,-1.0,1.0,0.5551960986213405,2.3697024405685405
0.6544550996793657,0.4528497654282274,0.24914919886476827,-0.39340592336938063,0.8643235674201003,0.8647400673049264,1.5567388990631463
-0.04276027062866333,0.35193359923417344,-0.3362978783934798,0.8556761954666464,0.8160464728000479,0.635471310034192,2.7023395324608432
0.26334121308242964,-0.46088597001207754,-0.707641647685262,0.09853848551961097,-0.5818470634100912,0.3514729937954784,0.9130125400414075
0.7051196268544848,0.1031450620532538,0.3178928555113679,1.0,0.1290142502083642,0.4755902090343753,-0.7327041051019241
1.0,1.0,1.0,0.8211208164393475,-1.0,0.409529779266663,1.7852305085157163
-0.36659441983716445,-0.9981082267663166,-1.0,-0.36461154751327496,-0.21942462979728605,-0.5819292155490878,-1.5608337320501726
0.3895909290577285,0.10014815634064855,0.6876115818452405,0.88285969624634,0.3542512429934618,1.0,-0.15553111422691512
1.0,0.5590928859154791,0.3995041426895366,0.1981044244199568,-1.0,-1.0,7.179989059312893
-0.5877107205484591,0.23157588705104487,-0.2522431234390564,0.499878795086518,0.795414258035286,0.006447707004563208,1.307776145102652
-0.8344819521145864,-0.7949283812172128,-0.08582749148022462,1.0,0.29181188066651886,-1.0,2.7156669570035565
0.38482652312663435,1.0,1.0,0.8082046907515039,1.0,-1.0,-4.48666378693503
1.0,1.0,0.0988225958907778,1.0,-0.24732910554285076,0.21688335061067765,2.1137083694322296
-0.7781492351389014,0.021790437213993874,0.240366903195354,1.0,0.5074186668243834,0.6718166959465556,2.062555711896477
-0.17284596006973524,1.0,1.0,-0.10881553611936778,-0.6657527904211491,-1.0,-2.697312787930177
0.4857847369254441,-0.6444700286782686,1.0,-0.6890757245369841,0.20523316877572118,-0.1298211563554148,0.8555407344801781
-0.6213550907442433,-0.5809811550800862,0.14077648963771547,-1.0,-1.0,-1.0,4.639203210483759
-0.7276039047105487,-0.26664523768518644,-1.0,0.11660706103318225,-1.0,-0.39730574278977365,-2.469252481705446
-0.8026847369467212,-0.4220115791227397,0.4399262472060843,-1.0,1.0,0.685470364608441,2.862552448432677
-0.13092275962068212,-0.8779582610991603,-0.6543489854373439,-1.0,-0.8032455398298484,0.15049675961415654,0.9654322362616254
-0.7583015213948266,-0.20846668982082522,0.3442939748511944,0.14735847532008528,0.11768598927177452,0.23164329897556873,-0.148713860213478
-0.1440478096959586,1.0,0.5354727123818239,0.27731101827481575,-1.0,-1.0,-0.025074934801607995
-0.15703139304001665,0.9004871363452555,-0.8543549158727115,-0.7175871778378292,0.4362147033289249,0.16151063052064113,2.1914329706476745
0.8966447921520806,1.0,0.5229060765355134,0.8787759008536964,-0.820692653884642,0.3692473816036842,2.0669653279650215
-0.07866885601824958,-0.8271882205626946,-1.0,-1.0,-0.8995628855875126,-0.4058871828320265,1.895836128001982
1.0,-0.37654618298161524,1.0,0.3016861476824032,-0.3465200284160286,0.06828707872152329,1.7945095100715334
1.0,0.3090056851910537,0.10626745917397096,0.40203561502467056,-0.7313581818816983,1.0,5.534695391970111
-1.0,-1.0,-0.9822170860852923,-1.0,-0.38810180135850403,0.5474604413592381,-5.8890498610709825
-0.6059913725806014,-1.0,-0.0906446864166992,-0.5039431059719883,-0.15871686571504412,1.0,-0.02213510590553991
0.24305712926497447,-1.0,-0.7380696433427902,0.10123327255670175,-0.7993774206437217,0.13921096595120264,-1.5140202219082255
0.9223175890826547,-1.0,-1.0,-0.07765924915514341,-1.0,-0.6586791764441977,4.867233908787779
-0.4841272403057268,-0.3524681623434446,-0.9375335112285214,0.059973796396591256,-1.0,-0.49875185890182977,-1.8110801221841617
0.052073213205345636,-0.6809623762184593,0.30292620284110733,-0.6277854872413966,0.6179657593082964,0.5742767249951684,-0.4583235964103036
0.7046062686397765,0.6929537873402752,0.3868379974186493,1.0,1.0,0.3173941699378292,-2.2245880896841417
-1.0,-0.35694264068513104,-0.640569922648575,-0.6720543108629464,-0.6697497698583506,-0.6556429382555069,-0.1232872122024211
0.6689499096952348,-0.6827705211493116,-0.10996132451271765,-0.2215722587522183,1.0,1.0,-0.18564118400499513
0.14115261555887937,-0.6384746501240461,0.6505729032740749,1.0,-0.9693678290594663,-1.0,4.139455724917592
0.2496585041873324,0.07727807652563745,0.43456556341898767,0.2018562748408812,0.6965121548443582,0.4571570307215987,-0.5515195517797481
-0.4840579028901961,-0.06922101502386097,-0.17906898012014807,0.7989944501665854,-0.12659644054287272,1.0,2.7342612915413507
1.0,1.0,1.0,1.0,0.6909395303102996,-1.0,-3.399221057509222
-1.0,-1.0,-0.5993408065699013,-1.0,0.606925011200772,1.0,-2.34109357023827
1.0,0.24921896664328758,1.0,0.9220795846211227,-0.1104582891914097,-0.20850687894557657,0.7848801783627378
0.6707023683330253,0.44684415855758,1.0,0.14646109593386925,-0.18059335097366822,1.0,-0.9911170519654365
-0.3903269400310533,-1.0,-0.43789043967559804,-0.5007666784977873,-0.8343642177409456,-1.0,3.5278555741550788
-1.0,-0.9155192719399251,-0.7107659330256167,0.07911244343390011,0.8310232857948863,1.0,4.614859617915299
0.4002085631680555,-1.0,-0.93830761038751,-0.6584913868333917,-1.0,-0.26338616348471344,2.291357345346063
-0.5414963151496686,-0.7881519655540881,-0.09070494764710046,-0.13838612487002977,-0.48143724310224656,-0.24067985271221526,-0.04453636963978416
0.024737470067990715,0.7963478631234744,-0.23335876894373675,-0.37063487046110477,-0.003091230755415897,0.834463914360721,3.870354927846762
0.7729338845274597,-0.05918427069296778,-0.5002499406704264,1.0,-1.0,-0.7008041055668774,2.612226360541101
1.0,1.0,0.5851857978867703,1.0,-1.0,-0.29355766352018375,6.119250589528271
-0.6516170099679347,-0.9862721128778407,0.2279845729806125,0.12192884275671056,1.0,1.0,3.5029447217006418
0.2429625063790566,1.0,1.0,0.20291796322836586,1.0,-0.64386996917087,-2.2643578038848826
0.25375918722723934,0.8783143870745939,-0.5414122780574895,-0.17330385096448678,-0.36113670368454365,0.8349433650908098,4.562268956930951
0.6046957978255143,0.3700607547083925,0.9016563999756213,1.0,-0.2296267369994337,0.1300781120569614,-0.6147633371362934
-0.4711717697715635,-0.4482410186139827,-1.0,-0.0800396271424493,0.9678363431408681,1.0,7.263129422040921
0.7649849767901375,0.32245192063092853,0.48610062626934447,0.8971699936423494,-0.5393703141353732,-0.5697637040491241,3.4656064772719493
0.6862983972787631,-1.0,-1.0,-0.45630254192446684,0.6209757056577566,0.45451265719161094,-5.077495182975152
-0.5982118837513195,0.7382069344026216,0.14413399418444778,-0.03152984074098997,-0.35545075772414436,-0.45285833031960676,-1.2518635244821201
0.4558635255486281,-0.4491784794786119,0.5625357108965041,0.20643480014443683,-1.0,0.04877304537020766,1.1824392989932073
-0.817385421982654,-1.0,-1.0,-0.2965166599625444,-0.3515539863831745,-0.1868716373492433,-4.356548565672613
0.32371067921048746,0.06144651457588901,0.31882984215014554,1.0,-1.0,-1.0,4.412575469942692
-0.9030163811247007,1.0,0.05989096684217335,0.5654334449440644,0.0293864918998282,-1.0,1.6145741994918246
-0.989590178129846,0.27134467165196186,1.0,-0.8952030371891768,1.0,1.0,-0.15238467816008955
-1.0,-0.2615988626087099,0.5471369253250636,-0.38495207731004344,-1.0,-0.6634343053950578,-2.0455845945221416
1.0,1.0,0.5359550247155072,0.378580498225876,-1.0,-1.0,6.872329962780048
-0.7809387120124723,0.29657587920220896,-1.0,0.05109049382952685,0.392809519256573,1.0,9.338253804100702
-0.48898225683002094,-1.0,0.32813305434077544,-0.5434030302261139,0.8529758166319359,0.14895293245028784,1.4919967197422686
-0.3918062279219856,-1.0,0.5063384849088741,-0.3937249205197604,-0.7497296665001929,-0.734247401298852,4.3441943476807445
-1.0,0.5699513560622593,-0.8033939774073504,0.3603795166564432,0.66776593028604,1.0,9.154824947970386
-0.4461188024374375,-0.3245042942572435,-0.7946728424160652,0.2973743194806022,-1.0,-0.6106882452690079,-1.1610191128667193
1.0,0.7486924529705685,-0.24174589425414839,0.5358371841922862,0.06799954884531273,1.0,3.6366653960504784
0.7086670378759281,1.0,0.8745804941346063,-0.5023814095509281,-0.5954859311921734,-0.8840819150467785,0.0723080543985225
0.6040101012617833,0.10742400213333675,-0.251876443146885,0.9606293751340411,-0.8316930850387738,-0.9028861551685002,4.808930958248169
-0.07739538386110562,0.5284649607820622,0.950428397536378,-0.22689733215405927,-0.2710947640704061,-0.9410849791455635,0.8923433306583942
-0.5470748285277485,-0.2601475237949082,-0.7337114722691026,-0.1518009211170538,-1.0,-1.0,0.9050140252752281
0.6569951142812821,1.0,1.0,-0.04060106145152609,1.0,0.6442078055719571,-3.214774792607157
-1.0,0.8476129327581151,0.5065661892797139,0.47547941388055204,-0.6755090037223164,-1.0,0.4356326329993778
0.8901100792553427,1.0,0.6231712403508591,1.0,0.763012398049571,-1.0,-0.6079728915250017
0.4420541655157421,0.024998599262782778,-0.22870276335808837,1.0,0.2223200400705223,-0.2623722453513957,0.11472515617292242
-0.39400426689463636,0.04973237652689888,-1.0,0.327497239257328,-1.0,-1.0,1.1678314662024043
-1.0,-0.1605631624200139,-0.11855442115412221,1.0,-1.0,-1.0,1.1429885636082728
-0.542581517280124,-0.11502583308877418,0.03399588509350837,-0.7036491389007764,-0.2975718291432677,-0.5262055137171258,-0.02500874551552723
-0.04013104981376897,0.13620445602121178,0.12302846222252184,0.9992232949703203,-0.21152166687272544,-0.4523009293688478,0.622240696837831
-1.0,-0.4161947012258893,-1.0,-1.0,-0.9800388993787306,0.3697711386160893,-2.0209768044113865
-0.015589653654608848,0.7518848957932863,1.0,1.0,-1.0,-0.20449392575305514,-0.5621582168729237
-1.0,-0.8077866318589613,0.08320116673222822,0.6605971577613918,0.3914163519619178,0.7349102863140087,0.8754455273484442
-0.14224010094952583,1.0,0.9996957529275883,-0.26642701722332174,1.0,1.0,-0.9951696898217178
-0.9079656680641411,-0.4042299123263028,-1.0,-1.0,-0.564213106497387,-0.7503401701574093,-0.17496270748376075
-0.4926469988606754,-0.8499045090014803,-1.0,0.41064949610818047,-1.0,0.005497490735286825,-3.6706498784069277
0.21916943788358678,0.5504365208059282,0.8423969670804489,-0.1288695889897432,-1.0,-1.0,0.7321757575861989
-0.40231531295637113,-1.0,-0.4687363300670082,-0.07405694315405853,1.0,0.6518658661737577,1.1607648104808213
-0.5988830278448332,-0.37866294692057245,-1.0,-1.0,0.20718880584781796,-0.93528304496262,3.503445403173866
-0.3240878210774291,-0.5702125302026454,0.006425836815515451,0.06513688994210148,-0.7685528483005527,-1.0,0.9268249587645181
0.11360093671286431,-0.8647281308091943,0.7229687824925803,-0.17381151181357207,1.0,0.3739284489525835,-0.9577810492255101
0.42498511546830287,0.12415479723896139,1.0,0.3699087649147872,-1.0,-0.8841647661549845,1.3605982151562452
0.2509264943980156,0.2835576861408,1.0,0.4724230846359059,0.165092208659954,0.970023034996186,-1.9288096783020219
-1.0,-1.0,0.11493240651289016,-0.18955764156910493,-1.0,-1.0,2.084972274778697
-0.6611380784213841,-0.5214849316662027,0.23855111704423437,0.4573487821809399,0.46328793856107636,0.7045338760649718,0.618070864116354
0.04759643344398001,1.0,0.09779434617713578,0.4343770174243664,0.8983522444846781,1.0,4.398454600747943
0.40357565214759306,0.9603769388816175,1.0,-0.6576002670255268,0.8364041769014507,-0.7052047865503007,-3.5284739154880542
-0.7116584369551919,-0.8552780611385833,-0.2266481079566544,-1.0,-0.13511340666544958,-0.2799395968531224,-0.5328607915757855
-0.25086674147070176,-1.0,-0.8019332162739051,-0.31433028428682963,0.15444730207083182,0.9841930765435667,0.9712821296539184
0.8918037540160095,0.601781501352924,1.0,1.0,0.04926746348325567,-0.38962967301401275,-0.23664486112850863
-0.007024279942627332,-1.0,-0.803697401582072,-0.1965548262765131,0.12067843834392485,0.7960485247292561,-0.17058704522688056
-0.6327137702087794,-0.9355351928298955,-0.27456406028378183,-0.18780879814151602,1.0,1.0,4.2070380987899005
0.5855859651216837,0.6524081014589105,0.8733794564053011,-0.24164770102547845,-1.0,1.0,3.2252343130505836
1.0,1.0,0.9549325518441911,-0.9282749806940698,-0.21643682535235853,1.0,0.6559260471835786
-1.0,-0.8534131514395218,-1.0,-1.0,0.3288761163983386,-0.7176024742397649,-0.41613235779571234
-0.41026410695701,-0.38861961448582183,-0.3270039691349158,-0.2226970096001368,-0.1698695849660069,-0.7740625044490523,1.2984791092319137
-1.0,-1.0,-0.26166279186345864,-0.591955710990566,0.9250537498105194,-0.15602434672255833,1.8905198105283656
0.03382508467877471,0.4523438997733331,0.6928132167746115,0.21910737027713145,0.07220568275106021,1.0,1.740906650259096
0.9322791435208524,-0.7802697768220481,1.0,0.10139616495776635,0.11224169481111246,0.36639957378821264,-0.5594552239174627
-1.0,0.5129851262074683,-0.5122259586331678,-0.589876305859802,0.6408024098262818,-0.2715848048167049,1.9173362634315199
-0.9790103139041195,-0.2815264461567038,-0.0696285562890192,-1.0,-0.05714927470622172,0.34640160380700985,-1.493637170015679
0.5146941869815809,-0.25299537837042485,-0.5158447260353376,0.41170953771256574,-0.44813873708133817,-0.09122361703429316,-0.31223577096455013
0.38952253998861547,1.0,1.0,0.5036396181142743,-1.0,-0.5743353969878914,0.06686668774242432
-0.01993789338968799,-0.3433402459090553,-0.7579365472343905,-1.0,0.2623250354917106,0.9673180814082607,3.6960719008658556
-0.19474586516192915,-1.0,0.0322127779770619,-1.0,1.0,0.01134167037672884,1.402856108616192
-0.2577343615891986,0.5059912775876213,0.23082309791596967,-0.653360962354135,-0.3702643359109654,-1.0,1.1142446035073577
-1.0,-1.0,0.5783348204697787,-1.0,-0.3850328150623632,-0.12641764669652591,0.610694295333881
-0.5372122422472307,-1.0,0.019918745733527976,-0.6410796967726583,-1.0,-0.406084258753435,2.5168711083069297
-1.0,-0.5934930860431848,-0.9164109930472153,-0.16112963176344808,1.0,0.6498949931518432,2.1098397960783597
0.27290437159761277,-0.36110713831644103,0.2759392703531005,1.0,-0.1378707913252039,-0.18008515670872033,-0.22363354601464336
1.0,0.1976623220164042,0.437072523599197,0.05454846889832021,-0.23341561383979775,-1.0,6.101381172856221
-0.10977452855229428,0.6391731865828718,-1.0,-1.0,1.0,0.23135597034094618,2.074328588055306
0.31539084219817426,0.4313445169347255,-0.4780396813694684,-1.0,0.04698122187055209,1.0,5.267728004284332
-0.8051250003949287,0.7450865078231168,-0.0793623845688684,1.0,1.0,1.0,5.960484451122966
0.5537036216087854,1.0,0.4134063035705924,1.0,0.6419130670739522,1.0,-0.658873171058111
0.8053115676320676,0.2987654930100755,0.7196866946997567,-1.0,0.22350609428418688,0.7699401916304986,-0.7624700027492386
-0.07313148200550512,-1.0,-0.8810556701245731,-1.0,-0.4668867525160454,-0.02752328942269089,-1.888105003846625
-0.15452592912053786,-0.9843142005474208,-0.47400363418441926,-1.0,0.09317015284272101,-1.0,3.7689949983321593
0.732429264998717,1.0,0.6354731942208076,1.0,0.7676145117372826,-0.7772311412009015,-2.211610763371357
-0.6514393132738929,-0.5192059219485977,-1.0,0.051706534891405226,0.17501472559688946,-0.7246835637983646,2.698741014779363
-1.0,-0.7860769526292881,-0.4421782734524644,-1.0,-0.20863974887881276,-0.5481956230879688,0.10207827359184424
-1.0,-1.0,-0.7830270150626504,-0.015019495486499945,1.0,0.07545330551988681,-2.785596581643377
0.28081834847703757,-1.0,-0.44907219224413814,-1.0,-1.0,-1.0,9.471907736981395
0.6188936098953491,-1.0,-1.0,-0.7888389827570104,0.5539392543112154,1.0,-2.5296245704058293
1.0,-0.06912431463073565,0.23176780635140637,-0.4393260681705855,1.0,0.09630398608667878,-3.0506526560771325
-0.3924325421756403,-0.6301441024695347,-0.15359303047540585,-1.0,-0.9947880243039727,-0.8462739445112999,3.6741126665766215
-0.03248516292225179,-0.5423082582000875,-0.8021666651241888,-0.05582386653238536,-1.0,-0.26643241920542937,-0.33027403994359106
-1.0,-0.6413088810593027,-0.5626563262019091,0.7375591895792558,0.48875759635477267,-0.8485363219773676,2.39175656008975
1.0,0.4623524667857243,0.8835040432130259,0.24532389411123234,-0.4586928615857287,0.08580108940941411,1.2905831808043213
-0.3900948107839368,-1.0,-0.8876837728087499,0.7223799062111408,-0.04622386880885254,-1.0,1.0691443680477764
0.9022759440332718,0.836778534403844,0.5738795883614998,0.7076905598885419,0.11102478742876554,0.6025307372602529,-1.4512226333745046
-1.0,-0.08099794359742629,-0.7842353302886483,-0.07444258103339485,-0.29383772634441696,-0.0005964811186531804,-1.639620280072707
0.16441584170944878,1.0,1.0,0.7046905780921696,-1.0,1.0,-1.5995573773978804
0.5889096543777985,0.9127610403418335,0.6901365636170235,0.32541300989771094,-0.1272764196803352,0.7542622235731796,-0.7296482183811083
-1.0,0.3477500860324009,-0.2486986203369141,-0.7338322463007718,1.0,-0.41138431895324146,3.9361601814940204
0.8289763942342271,-1.0,-0.11488589455617132,-0.35055403678483765,-0.1765870696009877,-0.825362227851073,4.14668395976166
0.680251641507341,0.30141490108816177,0.18317327464946181,-0.0730745725277567,-0.7117821515011262,-0.32529382965514586,1.1939978917219882
-0.1784965540158372,-0.28465672482270965,0.5118468520709073,-0.46615215409829663,-0.874529298171542,-0.1511802541922509,-0.6885176571488247
0.32323069321194003,1.0,1.0,0.2281572690395052,-0.55826602879148,-1.0,0.04525854942850571
-1.0,-1.0,-0.3583731528698424,-0.3010403116907412,-0.0034539052924940083,-1.0,4.119364829112702
1.0,0.4660557900883193,0.2894682770292958,1.0,0.7448201363520162,1.0,-0.40875877466589694
-1.0,-1.0,-1.0,-0.20041041540162918,-0.9566349197235817,-1.0,-0.7368576289980286
0.49055007082570257,0.4659940038143513,-0.11082760598540509,0.9494875458685684,1.0,1.0,2.615925904803829
-0.907216578466412,-0.1695482451564696,-1.0,-0.23427095439721135,-1.0,-1.0,-0.2612445883009362
-0.005364807520745751,0.4674282991717946,-0.23232099373726922,-0.5750213423825377,0.35400022390658537,0.2906452514187343,2.0958092189167483
-0.45364662572377723,-1.0,-0.3188361489512941,-0.9624232322846029,0.08982492532906053,-0.5996562398044515,0.8364763886592038
1.0,0.27312379092591477,1.0,0.21381806737938214,-0.8879215296054308,-1.0,7.24177248763476
-1.0,-0.35153588392313395,-0.13119611359576933,-0.6409188806699313,-0.04142347148698494,0.09984357912625655,0.27750852353391925
0.29848633379643863,1.0,-0.7412101414846908,0.32065408981910637,1.0,0.7344226937842004,4.890273636436361
0.8830974662920974,0.9073399613561544,1.0,1.0,-1.0,0.2209765118118715,2.6919409472031544
0.4346062952779822,-0.5036293980559785,1.0,0.4540297236222982,-0.7718623834339977,0.3717583264454951,0.8531645267459536
-0.2595631174176565,-1.0,-0.6497884731969736,-0.5902342197722059,0.7468365622828368,0.17653503165234397,-2.2893521443000764
-1.0,-0.5164150071931194,-0.5891115317302618,-1.0,1.0,1.0,4.849484623494264
0.09827695501886996,0.2772556125417786,-0.12319990921055146,-0.4737378759037072,0.6402805396958231,-0.16788733441814763,0.1281430187099421
1.0,0.19249878026008932,-0.5600412828835606,0.25199740877513466,-0.8212750461255556,0.6042455722554582,3.257303479610014
0.4273409703877614,0.06365683242577447,-0.044515169873073385,0.47635234841221746,-0.002844401468235558,-1.0,2.682193104241814
1.0,-0.5264882500500312,1.0,1.0,0.7464929075778083,0.8864945515460918,-5.762740457560541
-0.8906158865768194,0.05226400729929426,1.0,-0.20830509465533475,-0.7501354396524785,0.28922289257919287,-2.6146959036482196
-0.0254705281513512,-1.0,-0.6980638675602375,-0.3558896699391203,-1.0,-1.0,1.9116476126683573
0.2612693536736186,0.867552353735826,0.6265757263179198,0.5856195053970759,0.6738538783833709,1.0,-0.3078821621839434
0.29766892178912746,0.08724789948383527,0.14789584336710782,-0.24048554366421715,1.0,0.010390979564421032,-0.5817603482161158
-0.7109306551710989,-0.7167172669520763,-0.9902159584560175,-0.04245566068979678,0.017085368129746925,-0.0020186214181778794,-0.818269896112592
-0.9270512366671212,0.4443709923235212,-1.0,-1.0,-0.3448715820334294,-0.7388648801670626,0.1927801071524565
0.4043124460240084,-1.0,0.7302552339323422,-0.9502896787805762,1.0,0.41890337583756293,-1.7295830857304626
0.9046381062478298,1.0,0.2753972416535271,-0.024059013032073695,0.5906452875793902,-0.7230392929764449,0.4741792423337047
0.928463854427353,1.0,0.9267234845047487,1.0,1.0,0.39286447440310757,-9.392196288530155
0.40141336871830324,1.0,-0.5122790753871277,0.8328794590328756,0.5762430911719604,0.5099794898814881,-0.4137538908291256
0.3897537578926999,0.5106789594101245,-0.08644052342597333,0.2476639600720687,-0.9805232977575056,-1.0,3.0101293218621143
0.8627294941624861,-1.0,-0.27200731363382813,-1.0,1.0,1.0,-3.0882664760792666
-0.8432949100359233,0.11524576128519837,0.42580174492315526,0.29095884669292044,1.0,1.0,5.1259501631375475
1.0,1.0,1.0,0.6300582401851338,-0.7292182319433502,0.6599356028625676,0.4933189741894678
0.9155751038646197,0.16006922471743323,0.9144996739999127,0.20790071293738632,-0.3369211560081794,0.6275461797553481,0.8511700100811378
0.5790871221834549,-0.4723653071530284,0.7404484101448412,-0.7603523783486353,0.574546438497598,-0.2776396047800857,-0.16244989388609624
-0.6259437410062062,-1.0,-0.10657657871304738,0.08672652441246309,-0.716543407938798,1.0,0.6822242943499666
1.0,1.0,0.544395511739363,-0.03405141907092335,-0.8717622160292721,-0.2415040198151397,1.8350173529659366
-0.05895936324956552,-0.8255873525608586,-1.0,-0.8257712503574864,-0.6038073266469608,-0.8792589625153797,1.660302153411609
-1.0,-1.0,-0.4752017237960774,-1.0,0.8683582750038052,1.0,0.1687875823633218
0.3697127546914646,-0.6556896666284883,-0.42443638730395344,-0.37145966866841407,0.2573486158852606,-0.4690368347404738,0.6174737416702857
0.15325333729255236,-0.17956774911375817,0.144638269036247,0.6200863694671643,1.0,0.38306442324927725,0.9322601375143854
0.20933064856878336,-0.2631968332640451,0.454919096361471,0.31574152441256836,0.2568090967106131,0.0829997624727522,-0.6993320761319943
-1.0,-1.0,-0.026944517214398722,0.1316892260359519,0.49319235931733646,0.9547431240780856,1.5371610855372875
0.17709995409273627,1.0,0.39428162946155054,0.9762495043352497,1.0,-0.22678627795904274,-1.281366497056438
-1.0,-0.6776292314115633,0.2992506050899897,0.4093769343165515,0.7298221177007844,0.41294312516803977,1.6351673007332048
-1.0,-0.4343062587288238,-0.37292946628332446,-1.0,-0.6402825622924833,-1.0,1.8860117926367548
0.5292773465027524,-1.0,-0.8673230738389314,0.48307341395652437,0.36684835731942006,-0.14669664023882611,-2.842229132560055
-0.35010209312829715,-1.0,0.07860252189789774,-0.24504871703106001,-1.0,-0.3205562107816622,1.2739281096241748
-1.0,-0.04814978285926602,-0.06239718815354445,-0.5786583931038215,1.0,0.4196348238466262,3.74284669860928
-0.9347120120320178,-1.0,-0.20313367618122768,-0.6761078493251579,0.7876719323110263,0.7305123148621357,-0.24114912005038724
-0.0222040084179137,0.606307885085309,1.0,0.6322983617220521,0.5573785763048404,0.46626505489866976,-2.295776797277912
1.0,1.0,0.9029372774985618,0.3132960469637234,0.17511621162481456,-0.4196687379698759,-1.637948678029303
0.19688800356011382,-1.0,0.5805290668718607,1.0,0.21125013467479442,0.05018799648528938,1.291854319149857
-1.0,-1.0,-1.0,-1.0,1.0,1.0,-1.7201627591348772
-1.0,-0.8801095547781599,-1.0,-0.019269374942288975,0.9289308673961132,1.0,4.474811775069142
0.1461948964317118,-0.970833987947219,-0.8934920365199528,-1.0,-0.7939358697827308,-0.1588895654058874,1.494797410068116
0.522976644127398,0.571474823808052,-1.0,-0.34361716046637913,-0.5646111505340792,-0.8900715158725029,0.9099081444836132
-0.6109495103513674,0.6033778082239526,-0.0048760361856554635,-1.0,0.5328652614617888,-0.03645451531296978,-0.5741564053139232
-0.6447149923997693,-0.8102754624134425,0.30441026067741184,-0.11605804774898011,1.0,1.0,3.448858987704019
1.0,-0.4576216141441915,-0.49489191848999825,-0.498442983602713,0.23302479117823863,0.057051720558201374,-1.2742383513478368
1.0,1.0,-0.09591356410072549,0.251700038868199,1.0,1.0,3.0777784100251244
0.9273370834413139,-0.8966016953553468,0.07415294274943945,-0.6705897095527356,-1.0,-0.6493467025751317,9.094509319569388
0.056169107301188015,-0.1524043358353293,-0.7730609568916617,0.6571040869311366,0.8032942410439912,-1.0,0.5318038986823993
-1.0,0.4401487925667642,-0.9536904260509844,0.021224538917684832,1.0,0.45236800229540863,2.5192067092253425
0.6407959370821723,-0.0822261231221243,-1.0,-0.4203655527902586,1.0,0.0976365056478441,-1.7896684581297755
1.0,1.0,0.3203158637997393,0.7097246776414343,-1.0,-0.46561007676713795,5.755919408908989
0.5560874489385956,-0.8498017413955493,0.7593951058436387,-0.2661473124699001,-1.0,-1.0,8.475433166046944
1.0,0.053635197953856295,0.7177488020970787,1.0,-0.15768740957350835,0.30072844127347154,-1.1232000071800203
-0.0927210752269253,0.9723452395121648,0.24600448355584592,0.2868658086854802,-0.2575802055852383,-0.11602410946538927,0.43725994655175193
0.5109082837141974,1.0,1.0,1.0,-1.0,-0.16850519586341572,0.5426999526894225
0.5753409072780797,-0.8158967030391646,-1.0,-0.14409556371546028,0.6514716822072073,0.35246456093160083,-2.806404862478888
-0.749415106476134,-0.02291948207040706,0.10791211793049416,-1.0,1.0,0.9914619101897926,5.849435550416776
1.0,1.0,0.2672413761263974,0.23231040476815434,1.0,1.0,0.5755846113987354
0.49280112840240126,0.23819034423337002,-0.6491262608825463,-0.7204896065968733,-0.15233021263615287,-0.37202402503607446,-0.5928816034501292
-0.8053253517139185,-0.7468522937457226,-0.2293454243256641,1.0,-0.35623563625404375,-0.20540887453141504,-1.8013228615166335
0.07181138527639347,1.0,0.32675911520671785,0.6555445397644384,-0.893993482153612,-1.0,3.161297296145324
0.7884119884416678,1.0,-0.2943987171872603,-0.17899418097762254,1.0,0.4942951017845266,1.824752647698943
-0.7987744992539805,-1.0,0.17060980501336453,-1.0,1.0,1.0,1.8970527727712923
-1.0,0.04656837721066631,0.8230941691071142,-0.5351548205026191,-0.8213452537396433,1.0,-3.705512352007411
1.0,0.7949741302295993,-0.4611943187549886,1.0,0.11616138866968018,-0.713325430916147,2.7779290745855767
-0.45255878868991517,-1.0,-0.727413802131873,-1.0,-1.0,-0.013060455061353005,1.6823459878861065
1.0,0.6904222551087429,-0.008699866986030147,0.2701019287189734,0.6940156899389793,1.0,2.4072462412995788
1.0,1.0,1.0,0.26412615263813405,0.3803093308432859,0.6240546038926065,-6.13121121864982
-1.0,-0.9042242032712646,-0.5053824944421914,-0.49085231880817415,0.7168118367903421,0.21633096721585265,-0.027970964934977638
0.5104878505990872,-1.0,0.256171929712444,-1.0,-1.0,-0.17447041835598442,8.930772072883853
-0.17511210925291593,-0.052317367116649915,-0.5116166488241521,1.0,-0.6696419831986501,-1.0,1.8736570182929158
0.08503827755733506,0.6507379980033059,0.549143100286699,0.7403807134532572,0.544272567333866,0.2794298183382877,-0.17783981947095795
-0.2358920640078269,-1.0,-1.0,0.32589521152888945,-0.4017069834249726,-1.0,0.5388904045446168
-1.0,-1.0,-0.6396005887324299,-0.9140041027319135,-0.4294711509316752,-1.0,3.0275830508734374
1.0,1.0,1.0,1.0,-1.0,-0.7916973191079463,6.9286289612666785
0.4777867121489615,0.13197615465561108,0.20166927065183915,0.5285307807098053,-1.0,0.4901918605210103,1.365082065960841
-1.0,-1.0,-0.020492462050324733,0.31884902823765127,1.0,0.810546026446435,3.341999264126194
-1.0,0.26340990907503253,0.21541498145124427,-0.5649964525220559,-1.0,-1.0,-1.4363468698227702
0.8016529362242899,0.8041778118251738,0.7874965883411019,0.9105891461446541,-0.6019604363759128,-0.484963433747153,2.983258311105434
-1.0,-0.5485666243925442,-1.0,-0.1801377274129785,1.0,0.6939555831087953,1.7256691254373806
-0.8963336928371617,-1.0,-1.0,-0.03360482228922157,1.0,0.2890963276895655,-3.140219726867118
-0.8831009402903959,-1.0,-0.09830518143275291,-0.9198531392396326,-0.7979446216740077,0.9003030370607124,-0.5083109377480637
-0.40545755978155196,0.2794319364328439,-0.6442300338503011,-0.4135135885360035,-0.5612097427575296,-0.8955963586652225,0.2578476315520715
0.6780484659364896,1.0,0.9983391100607775,1.0,-0.83192046796302,-0.20694157467985713,1.7607213252154228
-0.19984945101232632,-0.031467936287789655,-0.6468528748891116,-1.0,0.6826106508779213,-0.48480346646595207,1.0137978650340411
1.0,1.0,0.08813038806603757,0.6748657070583466,-0.2661631493017568,0.6567412372596237,1.8875753074373747
-1.0,0.8214958492425488,-1.0,-0.8143313310604992,-1.0,-1.0,2.039750921426231
0.31586136019293054,1.0,1.0,-0.10457989396183964,0.19077122723221995,1.0,-2.4945308627779528
-1.0,0.27309140076121097,-0.5591079306570952,-0.7838708386499018,-0.38892321629041904,0.6735253731031046,0.9500195273344925
0.015059879182476504,-0.0006977290978502637,-0.631876994266735,-0.12933757723605832,-1.0,-1.0,1.2865648537349754
0.327043726263108,0.9815765236309766,-0.8602957607049131,0.6186183117593049,-0.6744216998293371,1.0,8.521451375114363
0.6364650881754348,0.001631683583555199,0.9813515494067451,0.3419339255178997,-0.7957983644159317,-1.0,3.9062514277818083
0.5341475693233262,1.0,0.05901250172892997,-0.20363679823162117,0.5780488612380976,0.2380888553623755,-0.35445298438509
-1.0,0.13405472057110507,-0.7447182008806188,0.48959486827168663,0.21272285753046094,0.0293240014297248,-0.33506640590118486
-1.0,-1.0,-1.0,-0.25790165298040146,-0.44170966451278415,0.36608715713206597,-5.012178359839511
0.1935105059616209,1.0,-0.48611728124469944,1.0,1.0,0.6076401096498929,1.2078966266222875
0.7238053227653969,0.34023433593644414,0.44113150465009254,1.0,-0.1586440583155857,-0.5831594092257674,2.2469672974245984
0.7601277682321884,-0.9197821616107652,-0.5323107970196104,1.0,-0.9030079364797485,0.42247520289120577,4.478241927811811
-0.11090116430378572,0.8642886160733356,1.0,0.7221875585817098,-0.40455411497024674,0.575682243223865,-2.8906359114255182
-0.9057854670910104,-0.6845519501268253,-0.2968843845132788,-1.0,-0.1524967852454493,-1.0,4.637601808073912
0.8743985456665604,0.3734410551214764,1.0,1.0,-1.0,-0.6542056562059935,5.331103321957984
